relative_path,class_id
002.Laysan_Albatross/Laysan_Albatross_0002_1027.jpg,2
002.Laysan_Albatross/Laysan_Albatross_0003_1033.jpg,2
002.Laysan_Albatross/Laysan_Albatross_0082_524.jpg,2
002.Laysan_Albatross/Laysan_Albatross_0044_784.jpg,2
002.Laysan_Albatross/Laysan_Albatross_0070_788.jpg,2
002.Laysan_Albatross/Laysan_Albatross_0050_870.jpg,2
002.Laysan_Albatross/Laysan_Albatross_0071_792.jpg,2
002.Laysan_Albatross/Laysan_Albatross_0053_543.jpg,2
002.Laysan_Albatross/Laysan_Albatross_0081_800.jpg,2
002.Laysan_Albatross/Laysan_Albatross_0001_545.jpg,2
002.Laysan_Albatross/Laysan_Albatross_0023_1059.jpg,2
002.Laysan_Albatross/Laysan_Albatross_0065_809.jpg,2
002.Laysan_Albatross/Laysan_Albatross_0061_563.jpg,2
002.Laysan_Albatross/Laysan_Albatross_0085_564.jpg,2
002.Laysan_Albatross/Laysan_Albatross_0005_565.jpg,2
002.Laysan_Albatross/Laysan_Albatross_0060_777.jpg,2
002.Laysan_Albatross/Laysan_Albatross_0055_570.jpg,2
002.Laysan_Albatross/Laysan_Albatross_0025_571.jpg,2
002.Laysan_Albatross/Laysan_Albatross_0080_821.jpg,2
002.Laysan_Albatross/Laysan_Albatross_0092_834.jpg,2
002.Laysan_Albatross/Laysan_Albatross_0013_910.jpg,2
002.Laysan_Albatross/Laysan_Albatross_0091_602.jpg,2
002.Laysan_Albatross/Laysan_Albatross_0102_611.jpg,2
002.Laysan_Albatross/Laysan_Albatross_0099_869.jpg,2
002.Laysan_Albatross/Laysan_Albatross_0017_614.jpg,2
002.Laysan_Albatross/Laysan_Albatross_0047_619.jpg,2
002.Laysan_Albatross/Laysan_Albatross_0035_876.jpg,2
002.Laysan_Albatross/Laysan_Albatross_0098_621.jpg,2
002.Laysan_Albatross/Laysan_Albatross_0088_883.jpg,2
002.Laysan_Albatross/Laysan_Albatross_0034_628.jpg,2
002.Laysan_Albatross/Laysan_Albatross_0104_630.jpg,2
002.Laysan_Albatross/Laysan_Albatross_0058_637.jpg,2
002.Laysan_Albatross/Laysan_Albatross_0028_643.jpg,2
002.Laysan_Albatross/Laysan_Albatross_0033_658.jpg,2
002.Laysan_Albatross/Laysan_Albatross_0075_668.jpg,2
002.Laysan_Albatross/Laysan_Albatross_0076_671.jpg,2
002.Laysan_Albatross/Laysan_Albatross_0096_673.jpg,2
002.Laysan_Albatross/Laysan_Albatross_0064_674.jpg,2
002.Laysan_Albatross/Laysan_Albatross_0039_924.jpg,2
002.Laysan_Albatross/Laysan_Albatross_0049_918.jpg,2
002.Laysan_Albatross/Laysan_Albatross_0012_696.jpg,2
002.Laysan_Albatross/Laysan_Albatross_0056_500.jpg,2
002.Laysan_Albatross/Laysan_Albatross_0037_699.jpg,2
002.Laysan_Albatross/Laysan_Albatross_0006_702.jpg,2
002.Laysan_Albatross/Laysan_Albatross_0073_927.jpg,2
002.Laysan_Albatross/Laysan_Albatross_0042_801.jpg,2
002.Laysan_Albatross/Laysan_Albatross_0004_930.jpg,2
002.Laysan_Albatross/Laysan_Albatross_0093_725.jpg,2
002.Laysan_Albatross/Laysan_Albatross_0068_726.jpg,2
002.Laysan_Albatross/Laysan_Albatross_0040_472.jpg,2
002.Laysan_Albatross/Laysan_Albatross_0100_735.jpg,2
002.Laysan_Albatross/Laysan_Albatross_0021_737.jpg,2
002.Laysan_Albatross/Laysan_Albatross_0029_482.jpg,2
002.Laysan_Albatross/Laysan_Albatross_0059_488.jpg,2
002.Laysan_Albatross/Laysan_Albatross_0018_492.jpg,2
002.Laysan_Albatross/Laysan_Albatross_0083_756.jpg,2
002.Laysan_Albatross/Laysan_Albatross_0094_1013.jpg,2
002.Laysan_Albatross/Laysan_Albatross_0103_504.jpg,2
002.Laysan_Albatross/Laysan_Albatross_0079_506.jpg,2
002.Laysan_Albatross/Laysan_Albatross_0051_1020.jpg,2
012.Yellow_headed_Blackbird/Yellow_Headed_Blackbird_0108_7937.jpg,12
012.Yellow_headed_Blackbird/Yellow_Headed_Blackbird_0074_8452.jpg,12
012.Yellow_headed_Blackbird/Yellow_Headed_Blackbird_0031_8456.jpg,12
012.Yellow_headed_Blackbird/Yellow_Headed_Blackbird_0095_8458.jpg,12
012.Yellow_headed_Blackbird/Yellow_Headed_Blackbird_0015_8207.jpg,12
012.Yellow_headed_Blackbird/Yellow_Headed_Blackbird_0061_8208.jpg,12
012.Yellow_headed_Blackbird/Yellow_Headed_Blackbird_0065_8481.jpg,12
012.Yellow_headed_Blackbird/Yellow_Headed_Blackbird_0086_8487.jpg,12
012.Yellow_headed_Blackbird/Yellow_Headed_Blackbird_0057_8236.jpg,12
012.Yellow_headed_Blackbird/Yellow_Headed_Blackbird_0082_8577.jpg,12
012.Yellow_headed_Blackbird/Yellow_Headed_Blackbird_0008_8756.jpg,12
012.Yellow_headed_Blackbird/Yellow_Headed_Blackbird_0009_8248.jpg,12
012.Yellow_headed_Blackbird/Yellow_Headed_Blackbird_0043_8250.jpg,12
012.Yellow_headed_Blackbird/Yellow_Headed_Blackbird_0017_8511.jpg,12
012.Yellow_headed_Blackbird/Yellow_Headed_Blackbird_0088_8257.jpg,12
012.Yellow_headed_Blackbird/Yellow_Headed_Blackbird_0025_8262.jpg,12
012.Yellow_headed_Blackbird/Yellow_Headed_Blackbird_0041_8264.jpg,12
012.Yellow_headed_Blackbird/Yellow_Headed_Blackbird_0018_8588.jpg,12
012.Yellow_headed_Blackbird/Yellow_Headed_Blackbird_0109_8271.jpg,12
012.Yellow_headed_Blackbird/Yellow_Headed_Blackbird_0034_7736.jpg,12
012.Yellow_headed_Blackbird/Yellow_Headed_Blackbird_0079_8535.jpg,12
012.Yellow_headed_Blackbird/Yellow_Headed_Blackbird_0040_7514.jpg,12
012.Yellow_headed_Blackbird/Yellow_Headed_Blackbird_0026_8545.jpg,12
012.Yellow_headed_Blackbird/Yellow_Headed_Blackbird_0049_8548.jpg,12
012.Yellow_headed_Blackbird/Yellow_Headed_Blackbird_0020_8549.jpg,12
012.Yellow_headed_Blackbird/Yellow_Headed_Blackbird_0091_8555.jpg,12
012.Yellow_headed_Blackbird/Yellow_Headed_Blackbird_0083_8300.jpg,12
012.Yellow_headed_Blackbird/Yellow_Headed_Blackbird_0062_8310.jpg,12
012.Yellow_headed_Blackbird/Yellow_Headed_Blackbird_0042_8574.jpg,12
012.Yellow_headed_Blackbird/Yellow_Headed_Blackbird_0089_8326.jpg,12
012.Yellow_headed_Blackbird/Yellow_Headed_Blackbird_0024_8586.jpg,12
012.Yellow_headed_Blackbird/Yellow_Headed_Blackbird_0077_8332.jpg,12
012.Yellow_headed_Blackbird/Yellow_Headed_Blackbird_0003_8337.jpg,12
012.Yellow_headed_Blackbird/Yellow_Headed_Blackbird_0080_8601.jpg,12
012.Yellow_headed_Blackbird/Yellow_Headed_Blackbird_0023_7325.jpg,12
012.Yellow_headed_Blackbird/Yellow_Headed_Blackbird_0058_8350.jpg,12
012.Yellow_headed_Blackbird/Yellow_Headed_Blackbird_0055_8357.jpg,12
012.Yellow_headed_Blackbird/Yellow_Headed_Blackbird_0087_8358.jpg,12
012.Yellow_headed_Blackbird/Yellow_Headed_Blackbird_0038_8689.jpg,12
012.Yellow_headed_Blackbird/Yellow_Headed_Blackbird_0013_8362.jpg,12
012.Yellow_headed_Blackbird/Yellow_Headed_Blackbird_0085_8363.jpg,12
012.Yellow_headed_Blackbird/Yellow_Headed_Blackbird_0007_8366.jpg,12
012.Yellow_headed_Blackbird/Yellow_Headed_Blackbird_0098_8367.jpg,12
012.Yellow_headed_Blackbird/Yellow_Headed_Blackbird_0072_8606.jpg,12
012.Yellow_headed_Blackbird/Yellow_Headed_Blackbird_0051_8387.jpg,12
012.Yellow_headed_Blackbird/Yellow_Headed_Blackbird_0059_8079.jpg,12
012.Yellow_headed_Blackbird/Yellow_Headed_Blackbird_0100_8407.jpg,12
012.Yellow_headed_Blackbird/Yellow_Headed_Blackbird_0053_8410.jpg,12
012.Yellow_headed_Blackbird/Yellow_Headed_Blackbird_0056_8455.jpg,12
012.Yellow_headed_Blackbird/Yellow_Headed_Blackbird_0070_8583.jpg,12
012.Yellow_headed_Blackbird/Yellow_Headed_Blackbird_0102_8441.jpg,12
012.Yellow_headed_Blackbird/Yellow_Headed_Blackbird_0084_8435.jpg,12
012.Yellow_headed_Blackbird/Yellow_Headed_Blackbird_0047_7929.jpg,12
012.Yellow_headed_Blackbird/Yellow_Headed_Blackbird_0073_8442.jpg,12
012.Yellow_headed_Blackbird/Yellow_Headed_Blackbird_0012_8443.jpg,12
012.Yellow_headed_Blackbird/Yellow_Headed_Blackbird_0035_8447.jpg,12
014.Indigo_Bunting/Indigo_Bunting_0005_13832.jpg,14
014.Indigo_Bunting/Indigo_Bunting_0014_14167.jpg,14
014.Indigo_Bunting/Indigo_Bunting_0002_12163.jpg,14
014.Indigo_Bunting/Indigo_Bunting_0068_13081.jpg,14
014.Indigo_Bunting/Indigo_Bunting_0040_11805.jpg,14
014.Indigo_Bunting/Indigo_Bunting_0075_12835.jpg,14
014.Indigo_Bunting/Indigo_Bunting_0063_11820.jpg,14
014.Indigo_Bunting/Indigo_Bunting_0028_12335.jpg,14
014.Indigo_Bunting/Indigo_Bunting_0037_14128.jpg,14
014.Indigo_Bunting/Indigo_Bunting_0044_14389.jpg,14
014.Indigo_Bunting/Indigo_Bunting_0017_11574.jpg,14
014.Indigo_Bunting/Indigo_Bunting_0027_11579.jpg,14
014.Indigo_Bunting/Indigo_Bunting_0001_12469.jpg,14
014.Indigo_Bunting/Indigo_Bunting_0066_12869.jpg,14
014.Indigo_Bunting/Indigo_Bunting_0084_11848.jpg,14
014.Indigo_Bunting/Indigo_Bunting_0049_13641.jpg,14
014.Indigo_Bunting/Indigo_Bunting_0059_11596.jpg,14
014.Indigo_Bunting/Indigo_Bunting_0053_13391.jpg,14
014.Indigo_Bunting/Indigo_Bunting_0015_12632.jpg,14
014.Indigo_Bunting/Indigo_Bunting_0016_13661.jpg,14
014.Indigo_Bunting/Indigo_Bunting_0080_13416.jpg,14
014.Indigo_Bunting/Indigo_Bunting_0018_11883.jpg,14
014.Indigo_Bunting/Indigo_Bunting_0073_13933.jpg,14
014.Indigo_Bunting/Indigo_Bunting_0072_14197.jpg,14
014.Indigo_Bunting/Indigo_Bunting_0056_12637.jpg,14
014.Indigo_Bunting/Indigo_Bunting_0071_11639.jpg,14
014.Indigo_Bunting/Indigo_Bunting_0082_11907.jpg,14
014.Indigo_Bunting/Indigo_Bunting_0004_13195.jpg,14
014.Indigo_Bunting/Indigo_Bunting_0022_12781.jpg,14
014.Indigo_Bunting/Indigo_Bunting_0036_13716.jpg,14
014.Indigo_Bunting/Indigo_Bunting_0013_12949.jpg,14
014.Indigo_Bunting/Indigo_Bunting_0076_12950.jpg,14
014.Indigo_Bunting/Indigo_Bunting_0021_13979.jpg,14
014.Indigo_Bunting/Indigo_Bunting_0060_14495.jpg,14
014.Indigo_Bunting/Indigo_Bunting_0055_13473.jpg,14
014.Indigo_Bunting/Indigo_Bunting_0041_13987.jpg,14
014.Indigo_Bunting/Indigo_Bunting_0047_12966.jpg,14
014.Indigo_Bunting/Indigo_Bunting_0058_12207.jpg,14
014.Indigo_Bunting/Indigo_Bunting_0034_12464.jpg,14
014.Indigo_Bunting/Indigo_Bunting_0054_12213.jpg,14
014.Indigo_Bunting/Indigo_Bunting_0032_12215.jpg,14
014.Indigo_Bunting/Indigo_Bunting_0025_12532.jpg,14
014.Indigo_Bunting/Indigo_Bunting_0026_11964.jpg,14
014.Indigo_Bunting/Indigo_Bunting_0052_11893.jpg,14
014.Indigo_Bunting/Indigo_Bunting_0029_13761.jpg,14
014.Indigo_Bunting/Indigo_Bunting_0010_13000.jpg,14
014.Indigo_Bunting/Indigo_Bunting_0078_11852.jpg,14
014.Indigo_Bunting/Indigo_Bunting_0061_13259.jpg,14
014.Indigo_Bunting/Indigo_Bunting_0050_11811.jpg,14
014.Indigo_Bunting/Indigo_Bunting_0039_12756.jpg,14
014.Indigo_Bunting/Indigo_Bunting_0085_11991.jpg,14
014.Indigo_Bunting/Indigo_Bunting_0065_14558.jpg,14
014.Indigo_Bunting/Indigo_Bunting_0051_12837.jpg,14
014.Indigo_Bunting/Indigo_Bunting_0033_12777.jpg,14
014.Indigo_Bunting/Indigo_Bunting_0077_14060.jpg,14
014.Indigo_Bunting/Indigo_Bunting_0006_14317.jpg,14
014.Indigo_Bunting/Indigo_Bunting_0024_13523.jpg,14
014.Indigo_Bunting/Indigo_Bunting_0031_13300.jpg,14
014.Indigo_Bunting/Indigo_Bunting_0003_13049.jpg,14
014.Indigo_Bunting/Indigo_Bunting_0074_12829.jpg,14
025.Pelagic_Cormorant/Pelagic_Cormorant_0054_23812.jpg,25
025.Pelagic_Cormorant/Pelagic_Cormorant_0083_23557.jpg,25
025.Pelagic_Cormorant/Pelagic_Cormorant_0009_23561.jpg,25
025.Pelagic_Cormorant/Pelagic_Cormorant_0012_23565.jpg,25
025.Pelagic_Cormorant/Pelagic_Cormorant_0032_23570.jpg,25
025.Pelagic_Cormorant/Pelagic_Cormorant_0070_23513.jpg,25
025.Pelagic_Cormorant/Pelagic_Cormorant_0084_23836.jpg,25
025.Pelagic_Cormorant/Pelagic_Cormorant_0063_23515.jpg,25
025.Pelagic_Cormorant/Pelagic_Cormorant_0046_23588.jpg,25
025.Pelagic_Cormorant/Pelagic_Cormorant_0036_23503.jpg,25
025.Pelagic_Cormorant/Pelagic_Cormorant_0035_23849.jpg,25
025.Pelagic_Cormorant/Pelagic_Cormorant_0088_23855.jpg,25
025.Pelagic_Cormorant/Pelagic_Cormorant_0008_23602.jpg,25
025.Pelagic_Cormorant/Pelagic_Cormorant_0071_23964.jpg,25
025.Pelagic_Cormorant/Pelagic_Cormorant_0017_23875.jpg,25
025.Pelagic_Cormorant/Pelagic_Cormorant_0062_23623.jpg,25
025.Pelagic_Cormorant/Pelagic_Cormorant_0042_23522.jpg,25
025.Pelagic_Cormorant/Pelagic_Cormorant_0085_23821.jpg,25
025.Pelagic_Cormorant/Pelagic_Cormorant_0037_23889.jpg,25
025.Pelagic_Cormorant/Pelagic_Cormorant_0080_23890.jpg,25
025.Pelagic_Cormorant/Pelagic_Cormorant_0100_23894.jpg,25
025.Pelagic_Cormorant/Pelagic_Cormorant_0092_23639.jpg,25
025.Pelagic_Cormorant/Pelagic_Cormorant_0064_23641.jpg,25
025.Pelagic_Cormorant/Pelagic_Cormorant_0038_23643.jpg,25
025.Pelagic_Cormorant/Pelagic_Cormorant_0075_23645.jpg,25
025.Pelagic_Cormorant/Pelagic_Cormorant_0011_23667.jpg,25
025.Pelagic_Cormorant/Pelagic_Cormorant_0029_23545.jpg,25
025.Pelagic_Cormorant/Pelagic_Cormorant_0055_23415.jpg,25
025.Pelagic_Cormorant/Pelagic_Cormorant_0002_23680.jpg,25
025.Pelagic_Cormorant/Pelagic_Cormorant_0003_23695.jpg,25
025.Pelagic_Cormorant/Pelagic_Cormorant_0010_23711.jpg,25
025.Pelagic_Cormorant/Pelagic_Cormorant_0024_23712.jpg,25
025.Pelagic_Cormorant/Pelagic_Cormorant_0044_23536.jpg,25
025.Pelagic_Cormorant/Pelagic_Cormorant_0049_23714.jpg,25
025.Pelagic_Cormorant/Pelagic_Cormorant_0047_23718.jpg,25
025.Pelagic_Cormorant/Pelagic_Cormorant_0086_23719.jpg,25
025.Pelagic_Cormorant/Pelagic_Cormorant_0005_23720.jpg,25
025.Pelagic_Cormorant/Pelagic_Cormorant_0093_23722.jpg,25
025.Pelagic_Cormorant/Pelagic_Cormorant_0018_23880.jpg,25
025.Pelagic_Cormorant/Pelagic_Cormorant_0030_23732.jpg,25
025.Pelagic_Cormorant/Pelagic_Cormorant_0057_24002.jpg,25
025.Pelagic_Cormorant/Pelagic_Cormorant_0053_23760.jpg,25
025.Pelagic_Cormorant/Pelagic_Cormorant_0041_23763.jpg,25
025.Pelagic_Cormorant/Pelagic_Cormorant_0016_23509.jpg,25
025.Pelagic_Cormorant/Pelagic_Cormorant_0074_23511.jpg,25
025.Pelagic_Cormorant/Pelagic_Cormorant_0082_23844.jpg,25
025.Pelagic_Cormorant/Pelagic_Cormorant_0019_23546.jpg,25
025.Pelagic_Cormorant/Pelagic_Cormorant_0096_23775.jpg,25
025.Pelagic_Cormorant/Pelagic_Cormorant_0025_23776.jpg,25
025.Pelagic_Cormorant/Pelagic_Cormorant_0102_23778.jpg,25
025.Pelagic_Cormorant/Pelagic_Cormorant_0076_23523.jpg,25
025.Pelagic_Cormorant/Pelagic_Cormorant_0098_23783.jpg,25
025.Pelagic_Cormorant/Pelagic_Cormorant_0099_23784.jpg,25
025.Pelagic_Cormorant/Pelagic_Cormorant_0073_23785.jpg,25
025.Pelagic_Cormorant/Pelagic_Cormorant_0033_23530.jpg,25
025.Pelagic_Cormorant/Pelagic_Cormorant_0026_23792.jpg,25
025.Pelagic_Cormorant/Pelagic_Cormorant_0001_23538.jpg,25
025.Pelagic_Cormorant/Pelagic_Cormorant_0014_23801.jpg,25
025.Pelagic_Cormorant/Pelagic_Cormorant_0022_23802.jpg,25
025.Pelagic_Cormorant/Pelagic_Cormorant_0061_23548.jpg,25
029.American_Crow/American_Crow_0117_25090.jpg,29
029.American_Crow/American_Crow_0030_25092.jpg,29
029.American_Crow/American_Crow_0119_25610.jpg,29
029.American_Crow/American_Crow_0020_25618.jpg,29
029.American_Crow/American_Crow_0016_25112.jpg,29
029.American_Crow/American_Crow_0136_25117.jpg,29
029.American_Crow/American_Crow_0101_25118.jpg,29
029.American_Crow/American_Crow_0002_25122.jpg,29
029.American_Crow/American_Crow_0109_25123.jpg,29
029.American_Crow/American_Crow_0111_25127.jpg,29
029.American_Crow/American_Crow_0003_25130.jpg,29
029.American_Crow/American_Crow_0021_25137.jpg,29
029.American_Crow/American_Crow_0027_25146.jpg,29
029.American_Crow/American_Crow_0113_25149.jpg,29
029.American_Crow/American_Crow_0011_25151.jpg,29
029.American_Crow/American_Crow_0043_25666.jpg,29
029.American_Crow/American_Crow_0130_25163.jpg,29
029.American_Crow/American_Crow_0093_25694.jpg,29
029.American_Crow/American_Crow_0139_25186.jpg,29
029.American_Crow/American_Crow_0132_25704.jpg,29
029.American_Crow/American_Crow_0131_25706.jpg,29
029.American_Crow/American_Crow_0068_25198.jpg,29
029.American_Crow/American_Crow_0116_25199.jpg,29
029.American_Crow/American_Crow_0122_25200.jpg,29
029.American_Crow/American_Crow_0053_25203.jpg,29
029.American_Crow/American_Crow_0099_25717.jpg,29
029.American_Crow/American_Crow_0134_25206.jpg,29
029.American_Crow/American_Crow_0121_25720.jpg,29
029.American_Crow/American_Crow_0080_25220.jpg,29
029.American_Crow/American_Crow_0137_25221.jpg,29
029.American_Crow/American_Crow_0050_25255.jpg,29
029.American_Crow/American_Crow_0085_25260.jpg,29
029.American_Crow/American_Crow_0105_25283.jpg,29
029.American_Crow/American_Crow_0014_25287.jpg,29
029.American_Crow/American_Crow_0088_25303.jpg,29
029.American_Crow/American_Crow_0012_25305.jpg,29
029.American_Crow/American_Crow_0004_25819.jpg,29
029.American_Crow/American_Crow_0036_25313.jpg,29
029.American_Crow/American_Crow_0081_25837.jpg,29
029.American_Crow/American_Crow_0074_25350.jpg,29
029.American_Crow/American_Crow_0107_25353.jpg,29
029.American_Crow/American_Crow_0124_25356.jpg,29
029.American_Crow/American_Crow_0047_25397.jpg,29
029.American_Crow/American_Crow_0127_25412.jpg,29
029.American_Crow/American_Crow_0066_25827.jpg,29
029.American_Crow/American_Crow_0031_25433.jpg,29
029.American_Crow/American_Crow_0067_25443.jpg,29
029.American_Crow/American_Crow_0079_25463.jpg,29
029.American_Crow/American_Crow_0051_25505.jpg,29
029.American_Crow/American_Crow_0069_25506.jpg,29
029.American_Crow/American_Crow_0025_25522.jpg,29
029.American_Crow/American_Crow_0110_25541.jpg,29
029.American_Crow/American_Crow_0001_25053.jpg,29
029.American_Crow/American_Crow_0039_25061.jpg,29
029.American_Crow/American_Crow_0048_25062.jpg,29
029.American_Crow/American_Crow_0094_25576.jpg,29
029.American_Crow/American_Crow_0102_25066.jpg,29
029.American_Crow/American_Crow_0062_25587.jpg,29
029.American_Crow/American_Crow_0104_25086.jpg,29
029.American_Crow/American_Crow_0059_25599.jpg,29
033.Yellow_billed_Cuckoo/Yellow_Billed_Cuckoo_0048_26632.jpg,33
033.Yellow_billed_Cuckoo/Yellow_Billed_Cuckoo_0023_26637.jpg,33
033.Yellow_billed_Cuckoo/Yellow_Billed_Cuckoo_0094_26643.jpg,33
033.Yellow_billed_Cuckoo/Yellow_Billed_Cuckoo_0027_26844.jpg,33
033.Yellow_billed_Cuckoo/Yellow_Billed_Cuckoo_0117_26651.jpg,33
033.Yellow_billed_Cuckoo/Yellow_Billed_Cuckoo_0082_26655.jpg,33
033.Yellow_billed_Cuckoo/Yellow_Billed_Cuckoo_0009_26656.jpg,33
033.Yellow_billed_Cuckoo/Yellow_Billed_Cuckoo_0078_26888.jpg,33
033.Yellow_billed_Cuckoo/Yellow_Billed_Cuckoo_0022_26423.jpg,33
033.Yellow_billed_Cuckoo/Yellow_Billed_Cuckoo_0050_26424.jpg,33
033.Yellow_billed_Cuckoo/Yellow_Billed_Cuckoo_0036_26682.jpg,33
033.Yellow_billed_Cuckoo/Yellow_Billed_Cuckoo_0005_26684.jpg,33
033.Yellow_billed_Cuckoo/Yellow_Billed_Cuckoo_0045_26685.jpg,33
033.Yellow_billed_Cuckoo/Yellow_Billed_Cuckoo_0060_26686.jpg,33
033.Yellow_billed_Cuckoo/Yellow_Billed_Cuckoo_0007_26687.jpg,33
033.Yellow_billed_Cuckoo/Yellow_Billed_Cuckoo_0093_26432.jpg,33
033.Yellow_billed_Cuckoo/Yellow_Billed_Cuckoo_0042_26479.jpg,33
033.Yellow_billed_Cuckoo/Yellow_Billed_Cuckoo_0061_26692.jpg,33
033.Yellow_billed_Cuckoo/Yellow_Billed_Cuckoo_0034_26694.jpg,33
033.Yellow_billed_Cuckoo/Yellow_Billed_Cuckoo_0028_26446.jpg,33
033.Yellow_billed_Cuckoo/Yellow_Billed_Cuckoo_0039_26510.jpg,33
033.Yellow_billed_Cuckoo/Yellow_Billed_Cuckoo_0012_26712.jpg,33
033.Yellow_billed_Cuckoo/Yellow_Billed_Cuckoo_0097_26713.jpg,33
033.Yellow_billed_Cuckoo/Yellow_Billed_Cuckoo_0090_26714.jpg,33
033.Yellow_billed_Cuckoo/Yellow_Billed_Cuckoo_0002_26715.jpg,33
033.Yellow_billed_Cuckoo/Yellow_Billed_Cuckoo_0074_26466.jpg,33
033.Yellow_billed_Cuckoo/Yellow_Billed_Cuckoo_0091_26428.jpg,33
033.Yellow_billed_Cuckoo/Yellow_Billed_Cuckoo_0081_26429.jpg,33
033.Yellow_billed_Cuckoo/Yellow_Billed_Cuckoo_0053_26738.jpg,33
033.Yellow_billed_Cuckoo/Yellow_Billed_Cuckoo_0073_26744.jpg,33
033.Yellow_billed_Cuckoo/Yellow_Billed_Cuckoo_0077_26431.jpg,33
033.Yellow_billed_Cuckoo/Yellow_Billed_Cuckoo_0043_26492.jpg,33
033.Yellow_billed_Cuckoo/Yellow_Billed_Cuckoo_0014_26754.jpg,33
033.Yellow_billed_Cuckoo/Yellow_Billed_Cuckoo_0098_26501.jpg,33
033.Yellow_billed_Cuckoo/Yellow_Billed_Cuckoo_0084_26761.jpg,33
033.Yellow_billed_Cuckoo/Yellow_Billed_Cuckoo_0049_26766.jpg,33
033.Yellow_billed_Cuckoo/Yellow_Billed_Cuckoo_0033_26521.jpg,33
033.Yellow_billed_Cuckoo/Yellow_Billed_Cuckoo_0004_26790.jpg,33
033.Yellow_billed_Cuckoo/Yellow_Billed_Cuckoo_0018_26535.jpg,33
033.Yellow_billed_Cuckoo/Yellow_Billed_Cuckoo_0026_26794.jpg,33
033.Yellow_billed_Cuckoo/Yellow_Billed_Cuckoo_0010_26795.jpg,33
033.Yellow_billed_Cuckoo/Yellow_Billed_Cuckoo_0003_26797.jpg,33
033.Yellow_billed_Cuckoo/Yellow_Billed_Cuckoo_0116_26544.jpg,33
033.Yellow_billed_Cuckoo/Yellow_Billed_Cuckoo_0019_26803.jpg,33
033.Yellow_billed_Cuckoo/Yellow_Billed_Cuckoo_0119_26550.jpg,33
033.Yellow_billed_Cuckoo/Yellow_Billed_Cuckoo_0121_26807.jpg,33
033.Yellow_billed_Cuckoo/Yellow_Billed_Cuckoo_0088_26812.jpg,33
033.Yellow_billed_Cuckoo/Yellow_Billed_Cuckoo_0104_26814.jpg,33
033.Yellow_billed_Cuckoo/Yellow_Billed_Cuckoo_0038_26912.jpg,33
033.Yellow_billed_Cuckoo/Yellow_Billed_Cuckoo_0059_26828.jpg,33
033.Yellow_billed_Cuckoo/Yellow_Billed_Cuckoo_0024_26832.jpg,33
033.Yellow_billed_Cuckoo/Yellow_Billed_Cuckoo_0006_26578.jpg,33
033.Yellow_billed_Cuckoo/Yellow_Billed_Cuckoo_0107_26838.jpg,33
033.Yellow_billed_Cuckoo/Yellow_Billed_Cuckoo_0069_26597.jpg,33
033.Yellow_billed_Cuckoo/Yellow_Billed_Cuckoo_0066_26600.jpg,33
033.Yellow_billed_Cuckoo/Yellow_Billed_Cuckoo_0092_26859.jpg,33
033.Yellow_billed_Cuckoo/Yellow_Billed_Cuckoo_0029_26865.jpg,33
033.Yellow_billed_Cuckoo/Yellow_Billed_Cuckoo_0032_26616.jpg,33
033.Yellow_billed_Cuckoo/Yellow_Billed_Cuckoo_0067_26878.jpg,33
035.Purple_Finch/Purple_Finch_0025_28174.jpg,35
035.Purple_Finch/Purple_Finch_0048_27670.jpg,35
035.Purple_Finch/Purple_Finch_0115_28190.jpg,35
035.Purple_Finch/Purple_Finch_0096_27688.jpg,35
035.Purple_Finch/Purple_Finch_0001_27571.jpg,35
035.Purple_Finch/Purple_Finch_0050_27702.jpg,35
035.Purple_Finch/Purple_Finch_0021_28235.jpg,35
035.Purple_Finch/Purple_Finch_0031_28175.jpg,35
035.Purple_Finch/Purple_Finch_0110_27750.jpg,35
035.Purple_Finch/Purple_Finch_0030_27255.jpg,35
035.Purple_Finch/Purple_Finch_0079_27258.jpg,35
035.Purple_Finch/Purple_Finch_0119_27260.jpg,35
035.Purple_Finch/Purple_Finch_0092_27264.jpg,35
035.Purple_Finch/Purple_Finch_0002_27266.jpg,35
035.Purple_Finch/Purple_Finch_0098_27280.jpg,35
035.Purple_Finch/Purple_Finch_0097_27288.jpg,35
035.Purple_Finch/Purple_Finch_0111_27293.jpg,35
035.Purple_Finch/Purple_Finch_0046_27295.jpg,35
035.Purple_Finch/Purple_Finch_0032_27305.jpg,35
035.Purple_Finch/Purple_Finch_0102_27308.jpg,35
035.Purple_Finch/Purple_Finch_0014_27322.jpg,35
035.Purple_Finch/Purple_Finch_0094_27323.jpg,35
035.Purple_Finch/Purple_Finch_0114_27837.jpg,35
035.Purple_Finch/Purple_Finch_0117_27427.jpg,35
035.Purple_Finch/Purple_Finch_0081_27913.jpg,35
035.Purple_Finch/Purple_Finch_0033_27926.jpg,35
035.Purple_Finch/Purple_Finch_0133_27928.jpg,35
035.Purple_Finch/Purple_Finch_0091_27425.jpg,35
035.Purple_Finch/Purple_Finch_0006_27950.jpg,35
035.Purple_Finch/Purple_Finch_0076_27441.jpg,35
035.Purple_Finch/Purple_Finch_0071_27443.jpg,35
035.Purple_Finch/Purple_Finch_0020_27961.jpg,35
035.Purple_Finch/Purple_Finch_0059_27966.jpg,35
035.Purple_Finch/Purple_Finch_0008_27455.jpg,35
035.Purple_Finch/Purple_Finch_0035_27972.jpg,35
035.Purple_Finch/Purple_Finch_0103_27461.jpg,35
035.Purple_Finch/Purple_Finch_0065_27473.jpg,35
035.Purple_Finch/Purple_Finch_0013_27506.jpg,35
035.Purple_Finch/Purple_Finch_0049_27507.jpg,35
035.Purple_Finch/Purple_Finch_0005_27512.jpg,35
035.Purple_Finch/Purple_Finch_0134_27526.jpg,35
035.Purple_Finch/Purple_Finch_0053_27543.jpg,35
035.Purple_Finch/Purple_Finch_0113_27547.jpg,35
035.Purple_Finch/Purple_Finch_0130_27555.jpg,35
035.Purple_Finch/Purple_Finch_0011_27633.jpg,35
035.Purple_Finch/Purple_Finch_0088_28076.jpg,35
035.Purple_Finch/Purple_Finch_0004_27565.jpg,35
035.Purple_Finch/Purple_Finch_0124_27567.jpg,35
035.Purple_Finch/Purple_Finch_0104_28088.jpg,35
035.Purple_Finch/Purple_Finch_0074_28101.jpg,35
035.Purple_Finch/Purple_Finch_0120_27597.jpg,35
035.Purple_Finch/Purple_Finch_0118_27604.jpg,35
035.Purple_Finch/Purple_Finch_0043_28117.jpg,35
035.Purple_Finch/Purple_Finch_0106_27607.jpg,35
035.Purple_Finch/Purple_Finch_0023_27986.jpg,35
035.Purple_Finch/Purple_Finch_0108_28143.jpg,35
035.Purple_Finch/Purple_Finch_0067_27431.jpg,35
035.Purple_Finch/Purple_Finch_0086_27637.jpg,35
035.Purple_Finch/Purple_Finch_0082_27639.jpg,35
035.Purple_Finch/Purple_Finch_0036_27641.jpg,35
042.Vermilion_Flycatcher/Vermilion_Flycatcher_0019_42241.jpg,42
042.Vermilion_Flycatcher/Vermilion_Flycatcher_0020_42498.jpg,42
042.Vermilion_Flycatcher/Vermilion_Flycatcher_0069_42502.jpg,42
042.Vermilion_Flycatcher/Vermilion_Flycatcher_0025_42248.jpg,42
042.Vermilion_Flycatcher/Vermilion_Flycatcher_0070_42250.jpg,42
042.Vermilion_Flycatcher/Vermilion_Flycatcher_0012_42253.jpg,42
042.Vermilion_Flycatcher/Vermilion_Flycatcher_0059_42261.jpg,42
042.Vermilion_Flycatcher/Vermilion_Flycatcher_0038_42262.jpg,42
042.Vermilion_Flycatcher/Vermilion_Flycatcher_0042_42266.jpg,42
042.Vermilion_Flycatcher/Vermilion_Flycatcher_0030_42523.jpg,42
042.Vermilion_Flycatcher/Vermilion_Flycatcher_0014_42533.jpg,42
042.Vermilion_Flycatcher/Vermilion_Flycatcher_0068_42535.jpg,42
042.Vermilion_Flycatcher/Vermilion_Flycatcher_0035_42282.jpg,42
042.Vermilion_Flycatcher/Vermilion_Flycatcher_0060_42293.jpg,42
042.Vermilion_Flycatcher/Vermilion_Flycatcher_0052_42551.jpg,42
042.Vermilion_Flycatcher/Vermilion_Flycatcher_0062_42552.jpg,42
042.Vermilion_Flycatcher/Vermilion_Flycatcher_0048_42298.jpg,42
042.Vermilion_Flycatcher/Vermilion_Flycatcher_0024_42506.jpg,42
042.Vermilion_Flycatcher/Vermilion_Flycatcher_0022_42559.jpg,42
042.Vermilion_Flycatcher/Vermilion_Flycatcher_0044_42305.jpg,42
042.Vermilion_Flycatcher/Vermilion_Flycatcher_0057_42562.jpg,42
042.Vermilion_Flycatcher/Vermilion_Flycatcher_0006_42564.jpg,42
042.Vermilion_Flycatcher/Vermilion_Flycatcher_0023_42565.jpg,42
042.Vermilion_Flycatcher/Vermilion_Flycatcher_0058_42311.jpg,42
042.Vermilion_Flycatcher/Vermilion_Flycatcher_0003_42316.jpg,42
042.Vermilion_Flycatcher/Vermilion_Flycatcher_0073_42573.jpg,42
042.Vermilion_Flycatcher/Vermilion_Flycatcher_0011_42554.jpg,42
042.Vermilion_Flycatcher/Vermilion_Flycatcher_0033_42522.jpg,42
042.Vermilion_Flycatcher/Vermilion_Flycatcher_0018_42474.jpg,42
042.Vermilion_Flycatcher/Vermilion_Flycatcher_0026_42375.jpg,42
042.Vermilion_Flycatcher/Vermilion_Flycatcher_0021_42378.jpg,42
042.Vermilion_Flycatcher/Vermilion_Flycatcher_0049_42380.jpg,42
042.Vermilion_Flycatcher/Vermilion_Flycatcher_0027_42388.jpg,42
042.Vermilion_Flycatcher/Vermilion_Flycatcher_0036_42389.jpg,42
042.Vermilion_Flycatcher/Vermilion_Flycatcher_0002_42390.jpg,42
042.Vermilion_Flycatcher/Vermilion_Flycatcher_0004_42395.jpg,42
042.Vermilion_Flycatcher/Vermilion_Flycatcher_0061_42397.jpg,42
042.Vermilion_Flycatcher/Vermilion_Flycatcher_0040_42398.jpg,42
042.Vermilion_Flycatcher/Vermilion_Flycatcher_0017_42407.jpg,42
042.Vermilion_Flycatcher/Vermilion_Flycatcher_0039_42423.jpg,42
042.Vermilion_Flycatcher/Vermilion_Flycatcher_0034_42356.jpg,42
042.Vermilion_Flycatcher/Vermilion_Flycatcher_0071_42429.jpg,42
042.Vermilion_Flycatcher/Vermilion_Flycatcher_0063_42179.jpg,42
042.Vermilion_Flycatcher/Vermilion_Flycatcher_0043_42182.jpg,42
042.Vermilion_Flycatcher/Vermilion_Flycatcher_0053_42184.jpg,42
042.Vermilion_Flycatcher/Vermilion_Flycatcher_0067_42185.jpg,42
042.Vermilion_Flycatcher/Vermilion_Flycatcher_0055_42442.jpg,42
042.Vermilion_Flycatcher/Vermilion_Flycatcher_0016_42196.jpg,42
042.Vermilion_Flycatcher/Vermilion_Flycatcher_0028_42197.jpg,42
042.Vermilion_Flycatcher/Vermilion_Flycatcher_0031_42201.jpg,42
042.Vermilion_Flycatcher/Vermilion_Flycatcher_0054_42210.jpg,42
042.Vermilion_Flycatcher/Vermilion_Flycatcher_0065_42467.jpg,42
042.Vermilion_Flycatcher/Vermilion_Flycatcher_0007_42214.jpg,42
042.Vermilion_Flycatcher/Vermilion_Flycatcher_0032_42216.jpg,42
042.Vermilion_Flycatcher/Vermilion_Flycatcher_0072_42218.jpg,42
042.Vermilion_Flycatcher/Vermilion_Flycatcher_0045_42219.jpg,42
042.Vermilion_Flycatcher/Vermilion_Flycatcher_0005_42478.jpg,42
042.Vermilion_Flycatcher/Vermilion_Flycatcher_0050_42479.jpg,42
042.Vermilion_Flycatcher/Vermilion_Flycatcher_0047_42488.jpg,42
042.Vermilion_Flycatcher/Vermilion_Flycatcher_0009_42234.jpg,42
048.European_Goldfinch/European_Goldfinch_0073_794633.jpg,48
048.European_Goldfinch/European_Goldfinch_0104_794634.jpg,48
048.European_Goldfinch/European_Goldfinch_0067_794637.jpg,48
048.European_Goldfinch/European_Goldfinch_0017_794638.jpg,48
048.European_Goldfinch/European_Goldfinch_0053_794639.jpg,48
048.European_Goldfinch/European_Goldfinch_0036_794642.jpg,48
048.European_Goldfinch/European_Goldfinch_0040_794643.jpg,48
048.European_Goldfinch/European_Goldfinch_0020_794644.jpg,48
048.European_Goldfinch/European_Goldfinch_0041_794645.jpg,48
048.European_Goldfinch/European_Goldfinch_0012_794646.jpg,48
048.European_Goldfinch/European_Goldfinch_0025_794647.jpg,48
048.European_Goldfinch/European_Goldfinch_0090_794648.jpg,48
048.European_Goldfinch/European_Goldfinch_0088_794651.jpg,48
048.European_Goldfinch/European_Goldfinch_0093_794653.jpg,48
048.European_Goldfinch/European_Goldfinch_0107_794655.jpg,48
048.European_Goldfinch/European_Goldfinch_0048_794656.jpg,48
048.European_Goldfinch/European_Goldfinch_0004_33313.jpg,48
048.European_Goldfinch/European_Goldfinch_0075_794660.jpg,48
048.European_Goldfinch/European_Goldfinch_0006_794661.jpg,48
048.European_Goldfinch/European_Goldfinch_0103_794664.jpg,48
048.European_Goldfinch/European_Goldfinch_0058_794665.jpg,48
048.European_Goldfinch/European_Goldfinch_0080_33322.jpg,48
048.European_Goldfinch/European_Goldfinch_0064_794670.jpg,48
048.European_Goldfinch/European_Goldfinch_0092_794671.jpg,48
048.European_Goldfinch/European_Goldfinch_0014_794672.jpg,48
048.European_Goldfinch/European_Goldfinch_0094_794673.jpg,48
048.European_Goldfinch/European_Goldfinch_0022_794674.jpg,48
048.European_Goldfinch/European_Goldfinch_0038_794675.jpg,48
048.European_Goldfinch/European_Goldfinch_0047_33332.jpg,48
048.European_Goldfinch/European_Goldfinch_0032_794679.jpg,48
048.European_Goldfinch/European_Goldfinch_0085_794682.jpg,48
048.European_Goldfinch/European_Goldfinch_0100_794685.jpg,48
048.European_Goldfinch/European_Goldfinch_0013_794687.jpg,48
048.European_Goldfinch/European_Goldfinch_0097_794688.jpg,48
048.European_Goldfinch/European_Goldfinch_0077_33346.jpg,48
048.European_Goldfinch/European_Goldfinch_0074_33348.jpg,48
048.European_Goldfinch/European_Goldfinch_0087_794693.jpg,48
048.European_Goldfinch/European_Goldfinch_0030_33357.jpg,48
048.European_Goldfinch/European_Goldfinch_0068_33359.jpg,48
048.European_Goldfinch/European_Goldfinch_0052_33082.jpg,48
048.European_Goldfinch/European_Goldfinch_0101_33127.jpg,48
048.European_Goldfinch/European_Goldfinch_0070_33084.jpg,48
048.European_Goldfinch/European_Goldfinch_0106_33298.jpg,48
048.European_Goldfinch/European_Goldfinch_0037_33149.jpg,48
048.European_Goldfinch/European_Goldfinch_0098_33152.jpg,48
048.European_Goldfinch/European_Goldfinch_0008_33153.jpg,48
048.European_Goldfinch/European_Goldfinch_0045_794690.jpg,48
048.European_Goldfinch/European_Goldfinch_0054_33169.jpg,48
048.European_Goldfinch/European_Goldfinch_0078_33170.jpg,48
048.European_Goldfinch/European_Goldfinch_0076_33173.jpg,48
048.European_Goldfinch/European_Goldfinch_0108_33176.jpg,48
048.European_Goldfinch/European_Goldfinch_0081_33259.jpg,48
048.European_Goldfinch/European_Goldfinch_0046_33307.jpg,48
048.European_Goldfinch/European_Goldfinch_0011_794676.jpg,48
048.European_Goldfinch/European_Goldfinch_0062_794657.jpg,48
048.European_Goldfinch/European_Goldfinch_0084_33147.jpg,48
048.European_Goldfinch/European_Goldfinch_0034_33256.jpg,48
048.European_Goldfinch/European_Goldfinch_0005_33263.jpg,48
048.European_Goldfinch/European_Goldfinch_0003_33066.jpg,48
048.European_Goldfinch/European_Goldfinch_0089_33279.jpg,48
050.Eared_Grebe/Eared_Grebe_0036_34048.jpg,50
050.Eared_Grebe/Eared_Grebe_0065_34049.jpg,50
050.Eared_Grebe/Eared_Grebe_0068_34052.jpg,50
050.Eared_Grebe/Eared_Grebe_0023_34309.jpg,50
050.Eared_Grebe/Eared_Grebe_0063_34054.jpg,50
050.Eared_Grebe/Eared_Grebe_0071_34311.jpg,50
050.Eared_Grebe/Eared_Grebe_0085_34063.jpg,50
050.Eared_Grebe/Eared_Grebe_0086_34064.jpg,50
050.Eared_Grebe/Eared_Grebe_0038_34321.jpg,50
050.Eared_Grebe/Eared_Grebe_0032_34078.jpg,50
050.Eared_Grebe/Eared_Grebe_0053_34084.jpg,50
050.Eared_Grebe/Eared_Grebe_0027_34341.jpg,50
050.Eared_Grebe/Eared_Grebe_0079_34342.jpg,50
050.Eared_Grebe/Eared_Grebe_0006_34347.jpg,50
050.Eared_Grebe/Eared_Grebe_0056_34098.jpg,50
050.Eared_Grebe/Eared_Grebe_0049_34100.jpg,50
050.Eared_Grebe/Eared_Grebe_0018_34357.jpg,50
050.Eared_Grebe/Eared_Grebe_0084_34364.jpg,50
050.Eared_Grebe/Eared_Grebe_0075_34115.jpg,50
050.Eared_Grebe/Eared_Grebe_0026_34383.jpg,50
050.Eared_Grebe/Eared_Grebe_0020_34131.jpg,50
050.Eared_Grebe/Eared_Grebe_0042_34132.jpg,50
050.Eared_Grebe/Eared_Grebe_0060_34133.jpg,50
050.Eared_Grebe/Eared_Grebe_0035_34137.jpg,50
050.Eared_Grebe/Eared_Grebe_0017_34139.jpg,50
050.Eared_Grebe/Eared_Grebe_0034_34142.jpg,50
050.Eared_Grebe/Eared_Grebe_0013_34150.jpg,50
050.Eared_Grebe/Eared_Grebe_0061_34407.jpg,50
050.Eared_Grebe/Eared_Grebe_0081_34153.jpg,50
050.Eared_Grebe/Eared_Grebe_0010_34151.jpg,50
050.Eared_Grebe/Eared_Grebe_0041_34157.jpg,50
050.Eared_Grebe/Eared_Grebe_0067_34416.jpg,50
050.Eared_Grebe/Eared_Grebe_0037_34169.jpg,50
050.Eared_Grebe/Eared_Grebe_0043_34427.jpg,50
050.Eared_Grebe/Eared_Grebe_0073_34172.jpg,50
050.Eared_Grebe/Eared_Grebe_0058_34174.jpg,50
050.Eared_Grebe/Eared_Grebe_0048_34175.jpg,50
050.Eared_Grebe/Eared_Grebe_0001_34433.jpg,50
050.Eared_Grebe/Eared_Grebe_0069_34199.jpg,50
050.Eared_Grebe/Eared_Grebe_0047_34204.jpg,50
050.Eared_Grebe/Eared_Grebe_0052_34205.jpg,50
050.Eared_Grebe/Eared_Grebe_0051_34209.jpg,50
050.Eared_Grebe/Eared_Grebe_0045_34212.jpg,50
050.Eared_Grebe/Eared_Grebe_0054_34289.jpg,50
050.Eared_Grebe/Eared_Grebe_0080_34223.jpg,50
050.Eared_Grebe/Eared_Grebe_0082_34227.jpg,50
050.Eared_Grebe/Eared_Grebe_0016_34334.jpg,50
050.Eared_Grebe/Eared_Grebe_0015_34231.jpg,50
050.Eared_Grebe/Eared_Grebe_0007_34236.jpg,50
050.Eared_Grebe/Eared_Grebe_0074_34238.jpg,50
050.Eared_Grebe/Eared_Grebe_0009_34244.jpg,50
050.Eared_Grebe/Eared_Grebe_0062_34249.jpg,50
050.Eared_Grebe/Eared_Grebe_0064_34251.jpg,50
050.Eared_Grebe/Eared_Grebe_0039_34257.jpg,50
050.Eared_Grebe/Eared_Grebe_0029_34258.jpg,50
050.Eared_Grebe/Eared_Grebe_0031_34262.jpg,50
050.Eared_Grebe/Eared_Grebe_0040_34340.jpg,50
050.Eared_Grebe/Eared_Grebe_0057_34274.jpg,50
050.Eared_Grebe/Eared_Grebe_0004_34277.jpg,50
050.Eared_Grebe/Eared_Grebe_0025_34344.jpg,50
059.California_Gull/California_Gull_0131_40963.jpg,59
059.California_Gull/California_Gull_0025_41479.jpg,59
059.California_Gull/California_Gull_0067_40973.jpg,59
059.California_Gull/California_Gull_0096_40978.jpg,59
059.California_Gull/California_Gull_0102_40986.jpg,59
059.California_Gull/California_Gull_0029_41506.jpg,59
059.California_Gull/California_Gull_0053_41011.jpg,59
059.California_Gull/California_Gull_0111_41033.jpg,59
059.California_Gull/California_Gull_0039_41034.jpg,59
059.California_Gull/California_Gull_0034_41548.jpg,59
059.California_Gull/California_Gull_0078_41550.jpg,59
059.California_Gull/California_Gull_0086_41040.jpg,59
059.California_Gull/California_Gull_0103_41044.jpg,59
059.California_Gull/California_Gull_0052_41047.jpg,59
059.California_Gull/California_Gull_0064_41562.jpg,59
059.California_Gull/California_Gull_0110_41063.jpg,59
059.California_Gull/California_Gull_0037_41066.jpg,59
059.California_Gull/California_Gull_0006_41079.jpg,59
059.California_Gull/California_Gull_0027_41083.jpg,59
059.California_Gull/California_Gull_0100_41088.jpg,59
059.California_Gull/California_Gull_0093_41111.jpg,59
059.California_Gull/California_Gull_0105_41116.jpg,59
059.California_Gull/California_Gull_0048_41121.jpg,59
059.California_Gull/California_Gull_0101_41140.jpg,59
059.California_Gull/California_Gull_0009_40662.jpg,59
059.California_Gull/California_Gull_0028_40666.jpg,59
059.California_Gull/California_Gull_0066_41188.jpg,59
059.California_Gull/California_Gull_0092_41300.jpg,59
059.California_Gull/California_Gull_0121_41196.jpg,59
059.California_Gull/California_Gull_0046_41209.jpg,59
059.California_Gull/California_Gull_0055_41218.jpg,59
059.California_Gull/California_Gull_0089_40716.jpg,59
059.California_Gull/California_Gull_0010_40735.jpg,59
059.California_Gull/California_Gull_0114_41267.jpg,59
059.California_Gull/California_Gull_0059_40764.jpg,59
059.California_Gull/California_Gull_0117_41292.jpg,59
059.California_Gull/California_Gull_0088_41296.jpg,59
059.California_Gull/California_Gull_0012_41272.jpg,59
059.California_Gull/California_Gull_0001_40786.jpg,59
059.California_Gull/California_Gull_0076_40788.jpg,59
059.California_Gull/California_Gull_0081_41318.jpg,59
059.California_Gull/California_Gull_0091_41276.jpg,59
059.California_Gull/California_Gull_0043_41326.jpg,59
059.California_Gull/California_Gull_0123_41330.jpg,59
059.California_Gull/California_Gull_0032_41335.jpg,59
059.California_Gull/California_Gull_0132_40836.jpg,59
059.California_Gull/California_Gull_0030_41354.jpg,59
059.California_Gull/California_Gull_0074_41358.jpg,59
059.California_Gull/California_Gull_0058_40858.jpg,59
059.California_Gull/California_Gull_0038_40865.jpg,59
059.California_Gull/California_Gull_0054_40871.jpg,59
059.California_Gull/California_Gull_0026_41386.jpg,59
059.California_Gull/California_Gull_0014_40880.jpg,59
059.California_Gull/California_Gull_0087_40909.jpg,59
059.California_Gull/California_Gull_0135_41383.jpg,59
059.California_Gull/California_Gull_0008_40942.jpg,59
059.California_Gull/California_Gull_0019_41377.jpg,59
059.California_Gull/California_Gull_0109_41465.jpg,59
059.California_Gull/California_Gull_0031_41469.jpg,59
059.California_Gull/California_Gull_0021_41471.jpg,59
068.Ruby_throated_Hummingbird/Ruby_Throated_Hummingbird_0045_57347.jpg,68
068.Ruby_throated_Hummingbird/Ruby_Throated_Hummingbird_0005_57349.jpg,68
068.Ruby_throated_Hummingbird/Ruby_Throated_Hummingbird_0077_57858.jpg,68
068.Ruby_throated_Hummingbird/Ruby_Throated_Hummingbird_0123_57745.jpg,68
068.Ruby_throated_Hummingbird/Ruby_Throated_Hummingbird_0054_57364.jpg,68
068.Ruby_throated_Hummingbird/Ruby_Throated_Hummingbird_0088_57366.jpg,68
068.Ruby_throated_Hummingbird/Ruby_Throated_Hummingbird_0126_57371.jpg,68
068.Ruby_throated_Hummingbird/Ruby_Throated_Hummingbird_0071_57886.jpg,68
068.Ruby_throated_Hummingbird/Ruby_Throated_Hummingbird_0049_57891.jpg,68
068.Ruby_throated_Hummingbird/Ruby_Throated_Hummingbird_0064_57387.jpg,68
068.Ruby_throated_Hummingbird/Ruby_Throated_Hummingbird_0007_57388.jpg,68
068.Ruby_throated_Hummingbird/Ruby_Throated_Hummingbird_0072_57391.jpg,68
068.Ruby_throated_Hummingbird/Ruby_Throated_Hummingbird_0009_57904.jpg,68
068.Ruby_throated_Hummingbird/Ruby_Throated_Hummingbird_0083_57397.jpg,68
068.Ruby_throated_Hummingbird/Ruby_Throated_Hummingbird_0090_57411.jpg,68
068.Ruby_throated_Hummingbird/Ruby_Throated_Hummingbird_0030_57422.jpg,68
068.Ruby_throated_Hummingbird/Ruby_Throated_Hummingbird_0042_57431.jpg,68
068.Ruby_throated_Hummingbird/Ruby_Throated_Hummingbird_0052_57432.jpg,68
068.Ruby_throated_Hummingbird/Ruby_Throated_Hummingbird_0024_57969.jpg,68
068.Ruby_throated_Hummingbird/Ruby_Throated_Hummingbird_0106_57976.jpg,68
068.Ruby_throated_Hummingbird/Ruby_Throated_Hummingbird_0040_57982.jpg,68
068.Ruby_throated_Hummingbird/Ruby_Throated_Hummingbird_0014_57477.jpg,68
068.Ruby_throated_Hummingbird/Ruby_Throated_Hummingbird_0095_57990.jpg,68
068.Ruby_throated_Hummingbird/Ruby_Throated_Hummingbird_0096_57505.jpg,68
068.Ruby_throated_Hummingbird/Ruby_Throated_Hummingbird_0050_57510.jpg,68
068.Ruby_throated_Hummingbird/Ruby_Throated_Hummingbird_0098_57514.jpg,68
068.Ruby_throated_Hummingbird/Ruby_Throated_Hummingbird_0066_57518.jpg,68
068.Ruby_throated_Hummingbird/Ruby_Throated_Hummingbird_0116_58031.jpg,68
068.Ruby_throated_Hummingbird/Ruby_Throated_Hummingbird_0118_57536.jpg,68
068.Ruby_throated_Hummingbird/Ruby_Throated_Hummingbird_0075_57537.jpg,68
068.Ruby_throated_Hummingbird/Ruby_Throated_Hummingbird_0115_58067.jpg,68
068.Ruby_throated_Hummingbird/Ruby_Throated_Hummingbird_0079_58075.jpg,68
068.Ruby_throated_Hummingbird/Ruby_Throated_Hummingbird_0103_57573.jpg,68
068.Ruby_throated_Hummingbird/Ruby_Throated_Hummingbird_0119_57575.jpg,68
068.Ruby_throated_Hummingbird/Ruby_Throated_Hummingbird_0117_58092.jpg,68
068.Ruby_throated_Hummingbird/Ruby_Throated_Hummingbird_0111_58141.jpg,68
068.Ruby_throated_Hummingbird/Ruby_Throated_Hummingbird_0034_58148.jpg,68
068.Ruby_throated_Hummingbird/Ruby_Throated_Hummingbird_0048_57222.jpg,68
068.Ruby_throated_Hummingbird/Ruby_Throated_Hummingbird_0076_57649.jpg,68
068.Ruby_throated_Hummingbird/Ruby_Throated_Hummingbird_0001_58162.jpg,68
068.Ruby_throated_Hummingbird/Ruby_Throated_Hummingbird_0108_57653.jpg,68
068.Ruby_throated_Hummingbird/Ruby_Throated_Hummingbird_0032_58168.jpg,68
068.Ruby_throated_Hummingbird/Ruby_Throated_Hummingbird_0129_57666.jpg,68
068.Ruby_throated_Hummingbird/Ruby_Throated_Hummingbird_0008_58204.jpg,68
068.Ruby_throated_Hummingbird/Ruby_Throated_Hummingbird_0059_58210.jpg,68
068.Ruby_throated_Hummingbird/Ruby_Throated_Hummingbird_0078_57208.jpg,68
068.Ruby_throated_Hummingbird/Ruby_Throated_Hummingbird_0013_57212.jpg,68
068.Ruby_throated_Hummingbird/Ruby_Throated_Hummingbird_0025_57835.jpg,68
068.Ruby_throated_Hummingbird/Ruby_Throated_Hummingbird_0046_57225.jpg,68
068.Ruby_throated_Hummingbird/Ruby_Throated_Hummingbird_0003_58269.jpg,68
068.Ruby_throated_Hummingbird/Ruby_Throated_Hummingbird_0128_58281.jpg,68
068.Ruby_throated_Hummingbird/Ruby_Throated_Hummingbird_0010_58285.jpg,68
068.Ruby_throated_Hummingbird/Ruby_Throated_Hummingbird_0055_57781.jpg,68
068.Ruby_throated_Hummingbird/Ruby_Throated_Hummingbird_0084_58311.jpg,68
068.Ruby_throated_Hummingbird/Ruby_Throated_Hummingbird_0120_58316.jpg,68
068.Ruby_throated_Hummingbird/Ruby_Throated_Hummingbird_0058_57298.jpg,68
068.Ruby_throated_Hummingbird/Ruby_Throated_Hummingbird_0131_57813.jpg,68
068.Ruby_throated_Hummingbird/Ruby_Throated_Hummingbird_0027_58191.jpg,68
068.Ruby_throated_Hummingbird/Ruby_Throated_Hummingbird_0107_57339.jpg,68
068.Ruby_throated_Hummingbird/Ruby_Throated_Hummingbird_0110_57851.jpg,68
073.Blue_Jay/Blue_Jay_0015_62916.jpg,73
073.Blue_Jay/Blue_Jay_0033_62024.jpg,73
073.Blue_Jay/Blue_Jay_0052_63148.jpg,73
073.Blue_Jay/Blue_Jay_0006_63504.jpg,73
073.Blue_Jay/Blue_Jay_0095_63505.jpg,73
073.Blue_Jay/Blue_Jay_0081_61714.jpg,73
073.Blue_Jay/Blue_Jay_0013_61463.jpg,73
073.Blue_Jay/Blue_Jay_0053_62744.jpg,73
073.Blue_Jay/Blue_Jay_0056_61723.jpg,73
073.Blue_Jay/Blue_Jay_0088_63264.jpg,73
073.Blue_Jay/Blue_Jay_0044_62759.jpg,73
073.Blue_Jay/Blue_Jay_0075_63021.jpg,73
073.Blue_Jay/Blue_Jay_0066_61490.jpg,73
073.Blue_Jay/Blue_Jay_0083_61492.jpg,73
073.Blue_Jay/Blue_Jay_0102_61494.jpg,73
073.Blue_Jay/Blue_Jay_0012_63753.jpg,73
073.Blue_Jay/Blue_Jay_0082_62524.jpg,73
073.Blue_Jay/Blue_Jay_0038_62784.jpg,73
073.Blue_Jay/Blue_Jay_0055_61507.jpg,73
073.Blue_Jay/Blue_Jay_0035_63560.jpg,73
073.Blue_Jay/Blue_Jay_0096_63330.jpg,73
073.Blue_Jay/Blue_Jay_0089_61521.jpg,73
073.Blue_Jay/Blue_Jay_0022_63074.jpg,73
073.Blue_Jay/Blue_Jay_0068_61543.jpg,73
073.Blue_Jay/Blue_Jay_0042_61545.jpg,73
073.Blue_Jay/Blue_Jay_0060_62570.jpg,73
073.Blue_Jay/Blue_Jay_0051_63339.jpg,73
073.Blue_Jay/Blue_Jay_0028_63599.jpg,73
073.Blue_Jay/Blue_Jay_0020_63604.jpg,73
073.Blue_Jay/Blue_Jay_0036_61560.jpg,73
073.Blue_Jay/Blue_Jay_0062_62585.jpg,73
073.Blue_Jay/Blue_Jay_0049_63082.jpg,73
073.Blue_Jay/Blue_Jay_0085_62831.jpg,73
073.Blue_Jay/Blue_Jay_0017_62854.jpg,73
073.Blue_Jay/Blue_Jay_0031_62913.jpg,73
073.Blue_Jay/Blue_Jay_0078_62351.jpg,73
073.Blue_Jay/Blue_Jay_0009_62873.jpg,73
073.Blue_Jay/Blue_Jay_0027_63133.jpg,73
073.Blue_Jay/Blue_Jay_0079_62626.jpg,73
073.Blue_Jay/Blue_Jay_0010_61939.jpg,73
073.Blue_Jay/Blue_Jay_0011_63660.jpg,73
073.Blue_Jay/Blue_Jay_0061_63645.jpg,73
073.Blue_Jay/Blue_Jay_0003_63408.jpg,73
073.Blue_Jay/Blue_Jay_0080_61617.jpg,73
073.Blue_Jay/Blue_Jay_0099_64435.jpg,73
073.Blue_Jay/Blue_Jay_0024_63167.jpg,73
073.Blue_Jay/Blue_Jay_0002_62657.jpg,73
073.Blue_Jay/Blue_Jay_0070_63684.jpg,73
073.Blue_Jay/Blue_Jay_0101_62882.jpg,73
073.Blue_Jay/Blue_Jay_0092_61654.jpg,73
073.Blue_Jay/Blue_Jay_0076_61817.jpg,73
073.Blue_Jay/Blue_Jay_0054_61656.jpg,73
073.Blue_Jay/Blue_Jay_0018_63455.jpg,73
073.Blue_Jay/Blue_Jay_0072_62944.jpg,73
073.Blue_Jay/Blue_Jay_0048_62433.jpg,73
073.Blue_Jay/Blue_Jay_0094_62698.jpg,73
073.Blue_Jay/Blue_Jay_0029_62199.jpg,73
073.Blue_Jay/Blue_Jay_0086_63394.jpg,73
073.Blue_Jay/Blue_Jay_0050_62974.jpg,73
073.Blue_Jay/Blue_Jay_0074_63487.jpg,73
081.Pied_Kingfisher/Pied_Kingfisher_0132_72706.jpg,81
081.Pied_Kingfisher/Pied_Kingfisher_0080_72199.jpg,81
081.Pied_Kingfisher/Pied_Kingfisher_0002_71698.jpg,81
081.Pied_Kingfisher/Pied_Kingfisher_0028_72221.jpg,81
081.Pied_Kingfisher/Pied_Kingfisher_0040_72739.jpg,81
081.Pied_Kingfisher/Pied_Kingfisher_0022_72247.jpg,81
081.Pied_Kingfisher/Pied_Kingfisher_0053_72761.jpg,81
081.Pied_Kingfisher/Pied_Kingfisher_0128_72775.jpg,81
081.Pied_Kingfisher/Pied_Kingfisher_0036_72275.jpg,81
081.Pied_Kingfisher/Pied_Kingfisher_0068_72278.jpg,81
081.Pied_Kingfisher/Pied_Kingfisher_0016_72280.jpg,81
081.Pied_Kingfisher/Pied_Kingfisher_0054_72296.jpg,81
081.Pied_Kingfisher/Pied_Kingfisher_0015_72299.jpg,81
081.Pied_Kingfisher/Pied_Kingfisher_0122_71789.jpg,81
081.Pied_Kingfisher/Pied_Kingfisher_0032_71792.jpg,81
081.Pied_Kingfisher/Pied_Kingfisher_0017_72316.jpg,81
081.Pied_Kingfisher/Pied_Kingfisher_0031_71829.jpg,81
081.Pied_Kingfisher/Pied_Kingfisher_0102_72349.jpg,81
081.Pied_Kingfisher/Pied_Kingfisher_0121_72378.jpg,81
081.Pied_Kingfisher/Pied_Kingfisher_0062_72379.jpg,81
081.Pied_Kingfisher/Pied_Kingfisher_0065_71871.jpg,81
081.Pied_Kingfisher/Pied_Kingfisher_0026_71875.jpg,81
081.Pied_Kingfisher/Pied_Kingfisher_0033_71883.jpg,81
081.Pied_Kingfisher/Pied_Kingfisher_0047_72401.jpg,81
081.Pied_Kingfisher/Pied_Kingfisher_0097_71895.jpg,81
081.Pied_Kingfisher/Pied_Kingfisher_0116_71900.jpg,81
081.Pied_Kingfisher/Pied_Kingfisher_0106_71404.jpg,81
081.Pied_Kingfisher/Pied_Kingfisher_0083_72430.jpg,81
081.Pied_Kingfisher/Pied_Kingfisher_0061_72193.jpg,81
081.Pied_Kingfisher/Pied_Kingfisher_0029_72440.jpg,81
081.Pied_Kingfisher/Pied_Kingfisher_0051_71429.jpg,81
081.Pied_Kingfisher/Pied_Kingfisher_0027_71434.jpg,81
081.Pied_Kingfisher/Pied_Kingfisher_0117_71947.jpg,81
081.Pied_Kingfisher/Pied_Kingfisher_0093_72465.jpg,81
081.Pied_Kingfisher/Pied_Kingfisher_0025_72469.jpg,81
081.Pied_Kingfisher/Pied_Kingfisher_0075_72581.jpg,81
081.Pied_Kingfisher/Pied_Kingfisher_0059_72492.jpg,81
081.Pied_Kingfisher/Pied_Kingfisher_0078_71985.jpg,81
081.Pied_Kingfisher/Pied_Kingfisher_0021_72498.jpg,81
081.Pied_Kingfisher/Pied_Kingfisher_0107_71987.jpg,81
081.Pied_Kingfisher/Pied_Kingfisher_0073_72508.jpg,81
081.Pied_Kingfisher/Pied_Kingfisher_0063_71999.jpg,81
081.Pied_Kingfisher/Pied_Kingfisher_0095_72008.jpg,81
081.Pied_Kingfisher/Pied_Kingfisher_0071_72576.jpg,81
081.Pied_Kingfisher/Pied_Kingfisher_0074_71830.jpg,81
081.Pied_Kingfisher/Pied_Kingfisher_0024_71560.jpg,81
081.Pied_Kingfisher/Pied_Kingfisher_0109_72082.jpg,81
081.Pied_Kingfisher/Pied_Kingfisher_0030_72603.jpg,81
081.Pied_Kingfisher/Pied_Kingfisher_0013_72114.jpg,81
081.Pied_Kingfisher/Pied_Kingfisher_0118_72115.jpg,81
081.Pied_Kingfisher/Pied_Kingfisher_0014_72119.jpg,81
081.Pied_Kingfisher/Pied_Kingfisher_0007_72438.jpg,81
081.Pied_Kingfisher/Pied_Kingfisher_0004_72135.jpg,81
081.Pied_Kingfisher/Pied_Kingfisher_0011_72143.jpg,81
081.Pied_Kingfisher/Pied_Kingfisher_0019_72659.jpg,81
081.Pied_Kingfisher/Pied_Kingfisher_0067_71641.jpg,81
081.Pied_Kingfisher/Pied_Kingfisher_0046_72156.jpg,81
081.Pied_Kingfisher/Pied_Kingfisher_0045_71143.jpg,81
081.Pied_Kingfisher/Pied_Kingfisher_0018_71657.jpg,81
081.Pied_Kingfisher/Pied_Kingfisher_0085_71557.jpg,81
095.Baltimore_Oriole/Baltimore_Oriole_0127_87560.jpg,95
095.Baltimore_Oriole/Baltimore_Oriole_0027_87561.jpg,95
095.Baltimore_Oriole/Baltimore_Oriole_0090_87054.jpg,95
095.Baltimore_Oriole/Baltimore_Oriole_0060_89616.jpg,95
095.Baltimore_Oriole/Baltimore_Oriole_0108_87576.jpg,95
095.Baltimore_Oriole/Baltimore_Oriole_0020_87066.jpg,95
095.Baltimore_Oriole/Baltimore_Oriole_0038_87083.jpg,95
095.Baltimore_Oriole/Baltimore_Oriole_0021_87089.jpg,95
095.Baltimore_Oriole/Baltimore_Oriole_0133_87602.jpg,95
095.Baltimore_Oriole/Baltimore_Oriole_0126_89651.jpg,95
095.Baltimore_Oriole/Baltimore_Oriole_0071_89611.jpg,95
095.Baltimore_Oriole/Baltimore_Oriole_0106_89680.jpg,95
095.Baltimore_Oriole/Baltimore_Oriole_0084_89684.jpg,95
095.Baltimore_Oriole/Baltimore_Oriole_0047_89686.jpg,95
095.Baltimore_Oriole/Baltimore_Oriole_0076_89705.jpg,95
095.Baltimore_Oriole/Baltimore_Oriole_0083_89712.jpg,95
095.Baltimore_Oriole/Baltimore_Oriole_0045_88178.jpg,95
095.Baltimore_Oriole/Baltimore_Oriole_0024_89720.jpg,95
095.Baltimore_Oriole/Baltimore_Oriole_0019_88186.jpg,95
095.Baltimore_Oriole/Baltimore_Oriole_0087_89726.jpg,95
095.Baltimore_Oriole/Baltimore_Oriole_0014_87690.jpg,95
095.Baltimore_Oriole/Baltimore_Oriole_0073_87187.jpg,95
095.Baltimore_Oriole/Baltimore_Oriole_0101_87207.jpg,95
095.Baltimore_Oriole/Baltimore_Oriole_0074_87214.jpg,95
095.Baltimore_Oriole/Baltimore_Oriole_0042_87216.jpg,95
095.Baltimore_Oriole/Baltimore_Oriole_0051_89722.jpg,95
095.Baltimore_Oriole/Baltimore_Oriole_0054_89825.jpg,95
095.Baltimore_Oriole/Baltimore_Oriole_0018_87782.jpg,95
095.Baltimore_Oriole/Baltimore_Oriole_0102_88818.jpg,95
095.Baltimore_Oriole/Baltimore_Oriole_0128_87796.jpg,95
095.Baltimore_Oriole/Baltimore_Oriole_0037_87337.jpg,95
095.Baltimore_Oriole/Baltimore_Oriole_0058_87296.jpg,95
095.Baltimore_Oriole/Baltimore_Oriole_0065_87303.jpg,95
095.Baltimore_Oriole/Baltimore_Oriole_0114_89873.jpg,95
095.Baltimore_Oriole/Baltimore_Oriole_0033_88347.jpg,95
095.Baltimore_Oriole/Baltimore_Oriole_0016_89885.jpg,95
095.Baltimore_Oriole/Baltimore_Oriole_0082_87838.jpg,95
095.Baltimore_Oriole/Baltimore_Oriole_0069_87839.jpg,95
095.Baltimore_Oriole/Baltimore_Oriole_0056_88355.jpg,95
095.Baltimore_Oriole/Baltimore_Oriole_0100_89908.jpg,95
095.Baltimore_Oriole/Baltimore_Oriole_0086_88375.jpg,95
095.Baltimore_Oriole/Baltimore_Oriole_0041_87367.jpg,95
095.Baltimore_Oriole/Baltimore_Oriole_0006_89935.jpg,95
095.Baltimore_Oriole/Baltimore_Oriole_0120_88403.jpg,95
095.Baltimore_Oriole/Baltimore_Oriole_0066_87380.jpg,95
095.Baltimore_Oriole/Baltimore_Oriole_0109_87398.jpg,95
095.Baltimore_Oriole/Baltimore_Oriole_0125_88450.jpg,95
095.Baltimore_Oriole/Baltimore_Oriole_0050_89750.jpg,95
095.Baltimore_Oriole/Baltimore_Oriole_0092_87435.jpg,95
095.Baltimore_Oriole/Baltimore_Oriole_0112_87447.jpg,95
095.Baltimore_Oriole/Baltimore_Oriole_0111_87449.jpg,95
095.Baltimore_Oriole/Baltimore_Oriole_0091_88487.jpg,95
095.Baltimore_Oriole/Baltimore_Oriole_0104_86979.jpg,95
095.Baltimore_Oriole/Baltimore_Oriole_0052_89553.jpg,95
095.Baltimore_Oriole/Baltimore_Oriole_0064_89554.jpg,95
095.Baltimore_Oriole/Baltimore_Oriole_0119_88022.jpg,95
095.Baltimore_Oriole/Baltimore_Oriole_0039_88027.jpg,95
095.Baltimore_Oriole/Baltimore_Oriole_0007_88038.jpg,95
095.Baltimore_Oriole/Baltimore_Oriole_0131_87542.jpg,95
095.Baltimore_Oriole/Baltimore_Oriole_0130_89596.jpg,95
101.White_Pelican/White_Pelican_0077_97025.jpg,101
101.White_Pelican/White_Pelican_0073_96260.jpg,101
101.White_Pelican/White_Pelican_0066_95495.jpg,101
101.White_Pelican/White_Pelican_0048_95764.jpg,101
101.White_Pelican/White_Pelican_0013_96901.jpg,101
101.White_Pelican/White_Pelican_0031_97064.jpg,101
101.White_Pelican/White_Pelican_0051_97833.jpg,101
101.White_Pelican/White_Pelican_0056_97071.jpg,101
101.White_Pelican/White_Pelican_0086_95538.jpg,101
101.White_Pelican/White_Pelican_0035_96312.jpg,101
101.White_Pelican/White_Pelican_0009_97340.jpg,101
101.White_Pelican/White_Pelican_0071_96061.jpg,101
101.White_Pelican/White_Pelican_0025_97604.jpg,101
101.White_Pelican/White_Pelican_0042_97250.jpg,101
101.White_Pelican/White_Pelican_0037_95570.jpg,101
101.White_Pelican/White_Pelican_0039_97363.jpg,101
101.White_Pelican/White_Pelican_0067_95573.jpg,101
101.White_Pelican/White_Pelican_0026_95832.jpg,101
101.White_Pelican/White_Pelican_0079_97380.jpg,101
101.White_Pelican/White_Pelican_0036_96863.jpg,101
101.White_Pelican/White_Pelican_0083_95840.jpg,101
101.White_Pelican/White_Pelican_0052_96865.jpg,101
101.White_Pelican/White_Pelican_0010_96876.jpg,101
101.White_Pelican/White_Pelican_0068_95635.jpg,101
101.White_Pelican/White_Pelican_0046_96888.jpg,101
101.White_Pelican/White_Pelican_0044_96028.jpg,101
101.White_Pelican/White_Pelican_0084_95877.jpg,101
101.White_Pelican/White_Pelican_0012_97261.jpg,101
101.White_Pelican/White_Pelican_0016_96659.jpg,101
101.White_Pelican/White_Pelican_0081_96148.jpg,101
101.White_Pelican/White_Pelican_0032_96920.jpg,101
101.White_Pelican/White_Pelican_0022_95897.jpg,101
101.White_Pelican/White_Pelican_0040_96026.jpg,101
101.White_Pelican/White_Pelican_0014_96417.jpg,101
101.White_Pelican/White_Pelican_0059_96675.jpg,101
101.White_Pelican/White_Pelican_0075_96422.jpg,101
101.White_Pelican/White_Pelican_0076_96427.jpg,101
101.White_Pelican/White_Pelican_0005_95916.jpg,101
101.White_Pelican/White_Pelican_0003_96691.jpg,101
101.White_Pelican/White_Pelican_0015_96952.jpg,101
101.White_Pelican/White_Pelican_0034_97466.jpg,101
101.White_Pelican/White_Pelican_0028_95950.jpg,101
101.White_Pelican/White_Pelican_0072_96975.jpg,101
101.White_Pelican/White_Pelican_0050_97913.jpg,101
101.White_Pelican/White_Pelican_0087_97247.jpg,101
101.White_Pelican/White_Pelican_0047_97190.jpg,101
101.White_Pelican/White_Pelican_0080_95721.jpg,101
101.White_Pelican/White_Pelican_0053_96236.jpg,101
101.White_Pelican/White_Pelican_0054_97528.jpg,101
101.White_Pelican/White_Pelican_0024_96554.jpg,101
106.Horned_Puffin/Horned_Puffin_0016_100993.jpg,106
106.Horned_Puffin/Horned_Puffin_0068_100872.jpg,106
106.Horned_Puffin/Horned_Puffin_0024_100620.jpg,106
106.Horned_Puffin/Horned_Puffin_0011_100621.jpg,106
106.Horned_Puffin/Horned_Puffin_0065_100625.jpg,106
106.Horned_Puffin/Horned_Puffin_0055_100882.jpg,106
106.Horned_Puffin/Horned_Puffin_0074_100886.jpg,106
106.Horned_Puffin/Horned_Puffin_0029_100888.jpg,106
106.Horned_Puffin/Horned_Puffin_0015_100889.jpg,106
106.Horned_Puffin/Horned_Puffin_0039_100890.jpg,106
106.Horned_Puffin/Horned_Puffin_0040_100891.jpg,106
106.Horned_Puffin/Horned_Puffin_0084_100637.jpg,106
106.Horned_Puffin/Horned_Puffin_0034_100895.jpg,106
106.Horned_Puffin/Horned_Puffin_0050_100645.jpg,106
106.Horned_Puffin/Horned_Puffin_0083_100649.jpg,106
106.Horned_Puffin/Horned_Puffin_0027_100906.jpg,106
106.Horned_Puffin/Horned_Puffin_0071_100651.jpg,106
106.Horned_Puffin/Horned_Puffin_0054_100915.jpg,106
106.Horned_Puffin/Horned_Puffin_0048_100916.jpg,106
106.Horned_Puffin/Horned_Puffin_0075_100664.jpg,106
106.Horned_Puffin/Horned_Puffin_0059_100925.jpg,106
106.Horned_Puffin/Horned_Puffin_0077_100671.jpg,106
106.Horned_Puffin/Horned_Puffin_0082_100876.jpg,106
106.Horned_Puffin/Horned_Puffin_0072_100938.jpg,106
106.Horned_Puffin/Horned_Puffin_0025_100942.jpg,106
106.Horned_Puffin/Horned_Puffin_0066_100877.jpg,106
106.Horned_Puffin/Horned_Puffin_0035_100690.jpg,106
106.Horned_Puffin/Horned_Puffin_0062_100693.jpg,106
106.Horned_Puffin/Horned_Puffin_0007_100699.jpg,106
106.Horned_Puffin/Horned_Puffin_0069_101018.jpg,106
106.Horned_Puffin/Horned_Puffin_0047_100967.jpg,106
106.Horned_Puffin/Horned_Puffin_0001_100973.jpg,106
106.Horned_Puffin/Horned_Puffin_0036_100974.jpg,106
106.Horned_Puffin/Horned_Puffin_0052_100977.jpg,106
106.Horned_Puffin/Horned_Puffin_0030_100725.jpg,106
106.Horned_Puffin/Horned_Puffin_0060_100726.jpg,106
106.Horned_Puffin/Horned_Puffin_0033_100731.jpg,106
106.Horned_Puffin/Horned_Puffin_0004_100733.jpg,106
106.Horned_Puffin/Horned_Puffin_0067_100737.jpg,106
106.Horned_Puffin/Horned_Puffin_0042_100760.jpg,106
106.Horned_Puffin/Horned_Puffin_0012_100763.jpg,106
106.Horned_Puffin/Horned_Puffin_0028_100765.jpg,106
106.Horned_Puffin/Horned_Puffin_0022_100766.jpg,106
106.Horned_Puffin/Horned_Puffin_0038_100635.jpg,106
106.Horned_Puffin/Horned_Puffin_0056_101030.jpg,106
106.Horned_Puffin/Horned_Puffin_0078_100777.jpg,106
106.Horned_Puffin/Horned_Puffin_0021_100780.jpg,106
106.Horned_Puffin/Horned_Puffin_0046_100785.jpg,106
106.Horned_Puffin/Horned_Puffin_0003_101045.jpg,106
106.Horned_Puffin/Horned_Puffin_0051_101048.jpg,106
106.Horned_Puffin/Horned_Puffin_0081_101054.jpg,106
106.Horned_Puffin/Horned_Puffin_0045_100803.jpg,106
106.Horned_Puffin/Horned_Puffin_0031_100804.jpg,106
106.Horned_Puffin/Horned_Puffin_0019_101063.jpg,106
106.Horned_Puffin/Horned_Puffin_0010_100771.jpg,106
106.Horned_Puffin/Horned_Puffin_0073_100830.jpg,106
106.Horned_Puffin/Horned_Puffin_0026_100937.jpg,106
106.Horned_Puffin/Horned_Puffin_0061_100845.jpg,106
106.Horned_Puffin/Horned_Puffin_0079_100847.jpg,106
106.Horned_Puffin/Horned_Puffin_0006_100989.jpg,106
108.White_necked_Raven/White_Necked_Raven_0047_102660.jpg,108
108.White_necked_Raven/White_Necked_Raven_0059_102668.jpg,108
108.White_necked_Raven/White_Necked_Raven_0007_102676.jpg,108
108.White_necked_Raven/White_Necked_Raven_0031_102686.jpg,108
108.White_necked_Raven/White_Necked_Raven_0014_102687.jpg,108
108.White_necked_Raven/White_Necked_Raven_0034_102598.jpg,108
108.White_necked_Raven/White_Necked_Raven_0039_102699.jpg,108
108.White_necked_Raven/White_Necked_Raven_0012_102700.jpg,108
108.White_necked_Raven/White_Necked_Raven_0030_102701.jpg,108
108.White_necked_Raven/White_Necked_Raven_0049_102713.jpg,108
108.White_necked_Raven/White_Necked_Raven_0004_102714.jpg,108
108.White_necked_Raven/White_Necked_Raven_0058_102729.jpg,108
108.White_necked_Raven/White_Necked_Raven_0020_102730.jpg,108
108.White_necked_Raven/White_Necked_Raven_0037_102734.jpg,108
108.White_necked_Raven/White_Necked_Raven_0018_102746.jpg,108
108.White_necked_Raven/White_Necked_Raven_0009_102518.jpg,108
108.White_necked_Raven/White_Necked_Raven_0015_102593.jpg,108
108.White_necked_Raven/White_Necked_Raven_0021_797341.jpg,108
108.White_necked_Raven/White_Necked_Raven_0046_797343.jpg,108
108.White_necked_Raven/White_Necked_Raven_0048_797345.jpg,108
108.White_necked_Raven/White_Necked_Raven_0025_797346.jpg,108
108.White_necked_Raven/White_Necked_Raven_0006_797347.jpg,108
108.White_necked_Raven/White_Necked_Raven_0044_797348.jpg,108
108.White_necked_Raven/White_Necked_Raven_0029_797349.jpg,108
108.White_necked_Raven/White_Necked_Raven_0010_797350.jpg,108
108.White_necked_Raven/White_Necked_Raven_0055_797352.jpg,108
108.White_necked_Raven/White_Necked_Raven_0065_797354.jpg,108
108.White_necked_Raven/White_Necked_Raven_0027_797355.jpg,108
108.White_necked_Raven/White_Necked_Raven_0042_797356.jpg,108
108.White_necked_Raven/White_Necked_Raven_0026_797357.jpg,108
108.White_necked_Raven/White_Necked_Raven_0057_797358.jpg,108
108.White_necked_Raven/White_Necked_Raven_0036_797359.jpg,108
108.White_necked_Raven/White_Necked_Raven_0053_797360.jpg,108
108.White_necked_Raven/White_Necked_Raven_0063_797361.jpg,108
108.White_necked_Raven/White_Necked_Raven_0043_797363.jpg,108
108.White_necked_Raven/White_Necked_Raven_0024_797364.jpg,108
108.White_necked_Raven/White_Necked_Raven_0060_797365.jpg,108
108.White_necked_Raven/White_Necked_Raven_0011_797367.jpg,108
108.White_necked_Raven/White_Necked_Raven_0038_797369.jpg,108
108.White_necked_Raven/White_Necked_Raven_0002_797370.jpg,108
108.White_necked_Raven/White_Necked_Raven_0023_797371.jpg,108
108.White_necked_Raven/White_Necked_Raven_0056_797373.jpg,108
108.White_necked_Raven/White_Necked_Raven_0050_797374.jpg,108
108.White_necked_Raven/White_Necked_Raven_0003_797376.jpg,108
108.White_necked_Raven/White_Necked_Raven_0019_797377.jpg,108
108.White_necked_Raven/White_Necked_Raven_0064_797378.jpg,108
108.White_necked_Raven/White_Necked_Raven_0045_797381.jpg,108
108.White_necked_Raven/White_Necked_Raven_0062_797382.jpg,108
108.White_necked_Raven/White_Necked_Raven_0051_797383.jpg,108
108.White_necked_Raven/White_Necked_Raven_0001_797384.jpg,108
108.White_necked_Raven/White_Necked_Raven_0016_797385.jpg,108
108.White_necked_Raven/White_Necked_Raven_0040_797386.jpg,108
108.White_necked_Raven/White_Necked_Raven_0008_797389.jpg,108
108.White_necked_Raven/White_Necked_Raven_0072_797391.jpg,108
108.White_necked_Raven/White_Necked_Raven_0028_797392.jpg,108
108.White_necked_Raven/White_Necked_Raven_0068_102610.jpg,108
108.White_necked_Raven/White_Necked_Raven_0067_102630.jpg,108
108.White_necked_Raven/White_Necked_Raven_0041_797394.jpg,108
108.White_necked_Raven/White_Necked_Raven_0070_102645.jpg,108
108.White_necked_Raven/White_Necked_Raven_0005_102653.jpg,108
112.Great_Grey_Shrike/Great_Grey_Shrike_0056_106752.jpg,112
112.Great_Grey_Shrike/Great_Grey_Shrike_0048_106754.jpg,112
112.Great_Grey_Shrike/Great_Grey_Shrike_0066_106759.jpg,112
112.Great_Grey_Shrike/Great_Grey_Shrike_0017_797028.jpg,112
112.Great_Grey_Shrike/Great_Grey_Shrike_0054_106768.jpg,112
112.Great_Grey_Shrike/Great_Grey_Shrike_0018_106776.jpg,112
112.Great_Grey_Shrike/Great_Grey_Shrike_0068_797060.jpg,112
112.Great_Grey_Shrike/Great_Grey_Shrike_0064_106778.jpg,112
112.Great_Grey_Shrike/Great_Grey_Shrike_0086_106533.jpg,112
112.Great_Grey_Shrike/Great_Grey_Shrike_0053_106792.jpg,112
112.Great_Grey_Shrike/Great_Grey_Shrike_0032_797021.jpg,112
112.Great_Grey_Shrike/Great_Grey_Shrike_0070_106547.jpg,112
112.Great_Grey_Shrike/Great_Grey_Shrike_0003_106552.jpg,112
112.Great_Grey_Shrike/Great_Grey_Shrike_0094_106576.jpg,112
112.Great_Grey_Shrike/Great_Grey_Shrike_0027_797009.jpg,112
112.Great_Grey_Shrike/Great_Grey_Shrike_0061_106580.jpg,112
112.Great_Grey_Shrike/Great_Grey_Shrike_0039_797015.jpg,112
112.Great_Grey_Shrike/Great_Grey_Shrike_0079_797018.jpg,112
112.Great_Grey_Shrike/Great_Grey_Shrike_0075_797022.jpg,112
112.Great_Grey_Shrike/Great_Grey_Shrike_0010_797023.jpg,112
112.Great_Grey_Shrike/Great_Grey_Shrike_0049_797025.jpg,112
112.Great_Grey_Shrike/Great_Grey_Shrike_0080_106850.jpg,112
112.Great_Grey_Shrike/Great_Grey_Shrike_0065_797027.jpg,112
112.Great_Grey_Shrike/Great_Grey_Shrike_0011_106852.jpg,112
112.Great_Grey_Shrike/Great_Grey_Shrike_0015_797031.jpg,112
112.Great_Grey_Shrike/Great_Grey_Shrike_0055_106858.jpg,112
112.Great_Grey_Shrike/Great_Grey_Shrike_0089_797036.jpg,112
112.Great_Grey_Shrike/Great_Grey_Shrike_0085_797037.jpg,112
112.Great_Grey_Shrike/Great_Grey_Shrike_0009_797038.jpg,112
112.Great_Grey_Shrike/Great_Grey_Shrike_0004_797041.jpg,112
112.Great_Grey_Shrike/Great_Grey_Shrike_0063_797042.jpg,112
112.Great_Grey_Shrike/Great_Grey_Shrike_0014_797044.jpg,112
112.Great_Grey_Shrike/Great_Grey_Shrike_0045_797047.jpg,112
112.Great_Grey_Shrike/Great_Grey_Shrike_0092_797048.jpg,112
112.Great_Grey_Shrike/Great_Grey_Shrike_0038_106617.jpg,112
112.Great_Grey_Shrike/Great_Grey_Shrike_0076_797050.jpg,112
112.Great_Grey_Shrike/Great_Grey_Shrike_0083_797051.jpg,112
112.Great_Grey_Shrike/Great_Grey_Shrike_0020_797052.jpg,112
112.Great_Grey_Shrike/Great_Grey_Shrike_0025_106622.jpg,112
112.Great_Grey_Shrike/Great_Grey_Shrike_0005_797055.jpg,112
112.Great_Grey_Shrike/Great_Grey_Shrike_0042_797056.jpg,112
112.Great_Grey_Shrike/Great_Grey_Shrike_0022_797057.jpg,112
112.Great_Grey_Shrike/Great_Grey_Shrike_0062_106628.jpg,112
112.Great_Grey_Shrike/Great_Grey_Shrike_0058_106634.jpg,112
112.Great_Grey_Shrike/Great_Grey_Shrike_0043_106818.jpg,112
112.Great_Grey_Shrike/Great_Grey_Shrike_0071_106861.jpg,112
112.Great_Grey_Shrike/Great_Grey_Shrike_0082_106650.jpg,112
112.Great_Grey_Shrike/Great_Grey_Shrike_0012_106661.jpg,112
112.Great_Grey_Shrike/Great_Grey_Shrike_0044_106851.jpg,112
112.Great_Grey_Shrike/Great_Grey_Shrike_0029_106668.jpg,112
112.Great_Grey_Shrike/Great_Grey_Shrike_0023_106670.jpg,112
112.Great_Grey_Shrike/Great_Grey_Shrike_0028_106678.jpg,112
112.Great_Grey_Shrike/Great_Grey_Shrike_0057_106681.jpg,112
112.Great_Grey_Shrike/Great_Grey_Shrike_0074_106689.jpg,112
112.Great_Grey_Shrike/Great_Grey_Shrike_0019_797049.jpg,112
112.Great_Grey_Shrike/Great_Grey_Shrike_0016_106720.jpg,112
112.Great_Grey_Shrike/Great_Grey_Shrike_0060_797008.jpg,112
112.Great_Grey_Shrike/Great_Grey_Shrike_0008_797053.jpg,112
112.Great_Grey_Shrike/Great_Grey_Shrike_0091_797054.jpg,112
112.Great_Grey_Shrike/Great_Grey_Shrike_0050_797012.jpg,112
118.House_Sparrow/House_Sparrow_0134_112644.jpg,118
118.House_Sparrow/House_Sparrow_0019_112645.jpg,118
118.House_Sparrow/House_Sparrow_0125_111130.jpg,118
118.House_Sparrow/House_Sparrow_0121_113182.jpg,118
118.House_Sparrow/House_Sparrow_0010_112678.jpg,118
118.House_Sparrow/House_Sparrow_0025_111669.jpg,118
118.House_Sparrow/House_Sparrow_0059_111164.jpg,118
118.House_Sparrow/House_Sparrow_0144_113216.jpg,118
118.House_Sparrow/House_Sparrow_0028_113217.jpg,118
118.House_Sparrow/House_Sparrow_0041_112706.jpg,118
118.House_Sparrow/House_Sparrow_0006_111034.jpg,118
118.House_Sparrow/House_Sparrow_0068_113247.jpg,118
118.House_Sparrow/House_Sparrow_0008_111204.jpg,118
118.House_Sparrow/House_Sparrow_0073_112745.jpg,118
118.House_Sparrow/House_Sparrow_0137_111219.jpg,118
118.House_Sparrow/House_Sparrow_0052_112252.jpg,118
118.House_Sparrow/House_Sparrow_0094_112773.jpg,118
118.House_Sparrow/House_Sparrow_0079_113288.jpg,118
118.House_Sparrow/House_Sparrow_0119_111471.jpg,118
118.House_Sparrow/House_Sparrow_0084_111300.jpg,118
118.House_Sparrow/House_Sparrow_0046_112845.jpg,118
118.House_Sparrow/House_Sparrow_0036_112847.jpg,118
118.House_Sparrow/House_Sparrow_0133_112368.jpg,118
118.House_Sparrow/House_Sparrow_0080_111099.jpg,118
118.House_Sparrow/House_Sparrow_0002_112905.jpg,118
118.House_Sparrow/House_Sparrow_0067_112913.jpg,118
118.House_Sparrow/House_Sparrow_0086_111385.jpg,118
118.House_Sparrow/House_Sparrow_0030_111387.jpg,118
118.House_Sparrow/House_Sparrow_0053_111388.jpg,118
118.House_Sparrow/House_Sparrow_0055_111393.jpg,118
118.House_Sparrow/House_Sparrow_0143_111400.jpg,118
118.House_Sparrow/House_Sparrow_0145_112703.jpg,118
118.House_Sparrow/House_Sparrow_0014_112947.jpg,118
118.House_Sparrow/House_Sparrow_0015_111085.jpg,118
118.House_Sparrow/House_Sparrow_0092_111413.jpg,118
118.House_Sparrow/House_Sparrow_0139_112438.jpg,118
118.House_Sparrow/House_Sparrow_0130_110985.jpg,118
118.House_Sparrow/House_Sparrow_0127_111935.jpg,118
118.House_Sparrow/House_Sparrow_0108_112963.jpg,118
118.House_Sparrow/House_Sparrow_0111_112968.jpg,118
118.House_Sparrow/House_Sparrow_0093_110990.jpg,118
118.House_Sparrow/House_Sparrow_0082_112478.jpg,118
118.House_Sparrow/House_Sparrow_0005_111967.jpg,118
118.House_Sparrow/House_Sparrow_0063_111460.jpg,118
118.House_Sparrow/House_Sparrow_0120_113001.jpg,118
118.House_Sparrow/House_Sparrow_0083_111470.jpg,118
118.House_Sparrow/House_Sparrow_0126_110959.jpg,118
118.House_Sparrow/House_Sparrow_0004_111989.jpg,118
118.House_Sparrow/House_Sparrow_0128_110971.jpg,118
118.House_Sparrow/House_Sparrow_0074_111997.jpg,118
118.House_Sparrow/House_Sparrow_0049_110976.jpg,118
118.House_Sparrow/House_Sparrow_0096_111519.jpg,118
118.House_Sparrow/House_Sparrow_0061_112795.jpg,118
118.House_Sparrow/House_Sparrow_0007_111029.jpg,118
118.House_Sparrow/House_Sparrow_0106_111564.jpg,118
118.House_Sparrow/House_Sparrow_0033_112590.jpg,118
118.House_Sparrow/House_Sparrow_0104_113105.jpg,118
118.House_Sparrow/House_Sparrow_0098_111073.jpg,118
118.House_Sparrow/House_Sparrow_0011_112099.jpg,118
118.House_Sparrow/House_Sparrow_0050_111087.jpg,118
134.Cape_Glossy_Starling/Cape_Glossy_Starling_0027_129282.jpg,134
134.Cape_Glossy_Starling/Cape_Glossy_Starling_0026_129288.jpg,134
134.Cape_Glossy_Starling/Cape_Glossy_Starling_0074_129294.jpg,134
134.Cape_Glossy_Starling/Cape_Glossy_Starling_0006_129295.jpg,134
134.Cape_Glossy_Starling/Cape_Glossy_Starling_0065_129299.jpg,134
134.Cape_Glossy_Starling/Cape_Glossy_Starling_0038_129301.jpg,134
134.Cape_Glossy_Starling/Cape_Glossy_Starling_0097_129303.jpg,134
134.Cape_Glossy_Starling/Cape_Glossy_Starling_0028_129309.jpg,134
134.Cape_Glossy_Starling/Cape_Glossy_Starling_0002_129310.jpg,134
134.Cape_Glossy_Starling/Cape_Glossy_Starling_0070_129322.jpg,134
134.Cape_Glossy_Starling/Cape_Glossy_Starling_0020_129328.jpg,134
134.Cape_Glossy_Starling/Cape_Glossy_Starling_0017_129337.jpg,134
134.Cape_Glossy_Starling/Cape_Glossy_Starling_0025_129341.jpg,134
134.Cape_Glossy_Starling/Cape_Glossy_Starling_0007_129345.jpg,134
134.Cape_Glossy_Starling/Cape_Glossy_Starling_0084_129346.jpg,134
134.Cape_Glossy_Starling/Cape_Glossy_Starling_0047_129348.jpg,134
134.Cape_Glossy_Starling/Cape_Glossy_Starling_0092_129349.jpg,134
134.Cape_Glossy_Starling/Cape_Glossy_Starling_0010_129352.jpg,134
134.Cape_Glossy_Starling/Cape_Glossy_Starling_0018_129356.jpg,134
134.Cape_Glossy_Starling/Cape_Glossy_Starling_0059_129357.jpg,134
134.Cape_Glossy_Starling/Cape_Glossy_Starling_0043_129358.jpg,134
134.Cape_Glossy_Starling/Cape_Glossy_Starling_0080_129362.jpg,134
134.Cape_Glossy_Starling/Cape_Glossy_Starling_0098_129365.jpg,134
134.Cape_Glossy_Starling/Cape_Glossy_Starling_0094_129368.jpg,134
134.Cape_Glossy_Starling/Cape_Glossy_Starling_0076_129377.jpg,134
134.Cape_Glossy_Starling/Cape_Glossy_Starling_0077_129378.jpg,134
134.Cape_Glossy_Starling/Cape_Glossy_Starling_0067_129380.jpg,134
134.Cape_Glossy_Starling/Cape_Glossy_Starling_0024_129384.jpg,134
134.Cape_Glossy_Starling/Cape_Glossy_Starling_0042_129385.jpg,134
134.Cape_Glossy_Starling/Cape_Glossy_Starling_0072_129386.jpg,134
134.Cape_Glossy_Starling/Cape_Glossy_Starling_0096_129388.jpg,134
134.Cape_Glossy_Starling/Cape_Glossy_Starling_0048_129397.jpg,134
134.Cape_Glossy_Starling/Cape_Glossy_Starling_0079_129399.jpg,134
134.Cape_Glossy_Starling/Cape_Glossy_Starling_0019_129407.jpg,134
134.Cape_Glossy_Starling/Cape_Glossy_Starling_0099_129412.jpg,134
134.Cape_Glossy_Starling/Cape_Glossy_Starling_0022_129414.jpg,134
134.Cape_Glossy_Starling/Cape_Glossy_Starling_0075_129431.jpg,134
134.Cape_Glossy_Starling/Cape_Glossy_Starling_0046_129434.jpg,134
134.Cape_Glossy_Starling/Cape_Glossy_Starling_0033_129435.jpg,134
134.Cape_Glossy_Starling/Cape_Glossy_Starling_0088_129437.jpg,134
134.Cape_Glossy_Starling/Cape_Glossy_Starling_0054_129440.jpg,134
134.Cape_Glossy_Starling/Cape_Glossy_Starling_0030_129443.jpg,134
134.Cape_Glossy_Starling/Cape_Glossy_Starling_0068_129446.jpg,134
134.Cape_Glossy_Starling/Cape_Glossy_Starling_0034_129455.jpg,134
134.Cape_Glossy_Starling/Cape_Glossy_Starling_0087_129481.jpg,134
134.Cape_Glossy_Starling/Cape_Glossy_Starling_0016_129464.jpg,134
134.Cape_Glossy_Starling/Cape_Glossy_Starling_0073_129465.jpg,134
134.Cape_Glossy_Starling/Cape_Glossy_Starling_0039_129469.jpg,134
134.Cape_Glossy_Starling/Cape_Glossy_Starling_0091_129470.jpg,134
134.Cape_Glossy_Starling/Cape_Glossy_Starling_0082_129216.jpg,134
134.Cape_Glossy_Starling/Cape_Glossy_Starling_0069_129218.jpg,134
134.Cape_Glossy_Starling/Cape_Glossy_Starling_0053_129219.jpg,134
134.Cape_Glossy_Starling/Cape_Glossy_Starling_0081_129220.jpg,134
134.Cape_Glossy_Starling/Cape_Glossy_Starling_0060_129222.jpg,134
134.Cape_Glossy_Starling/Cape_Glossy_Starling_0012_129225.jpg,134
134.Cape_Glossy_Starling/Cape_Glossy_Starling_0013_129244.jpg,134
134.Cape_Glossy_Starling/Cape_Glossy_Starling_0062_129254.jpg,134
134.Cape_Glossy_Starling/Cape_Glossy_Starling_0005_129262.jpg,134
134.Cape_Glossy_Starling/Cape_Glossy_Starling_0015_129266.jpg,134
134.Cape_Glossy_Starling/Cape_Glossy_Starling_0050_129274.jpg,134
138.Tree_Swallow/Tree_Swallow_0040_135172.jpg,138
138.Tree_Swallow/Tree_Swallow_0117_134925.jpg,138
138.Tree_Swallow/Tree_Swallow_0076_137232.jpg,138
138.Tree_Swallow/Tree_Swallow_0100_137493.jpg,138
138.Tree_Swallow/Tree_Swallow_0032_136216.jpg,138
138.Tree_Swallow/Tree_Swallow_0098_134916.jpg,138
138.Tree_Swallow/Tree_Swallow_0046_135770.jpg,138
138.Tree_Swallow/Tree_Swallow_0030_134942.jpg,138
138.Tree_Swallow/Tree_Swallow_0107_136223.jpg,138
138.Tree_Swallow/Tree_Swallow_0060_134961.jpg,138
138.Tree_Swallow/Tree_Swallow_0092_136236.jpg,138
138.Tree_Swallow/Tree_Swallow_0071_136749.jpg,138
138.Tree_Swallow/Tree_Swallow_0044_135984.jpg,138
138.Tree_Swallow/Tree_Swallow_0074_135219.jpg,138
138.Tree_Swallow/Tree_Swallow_0067_136244.jpg,138
138.Tree_Swallow/Tree_Swallow_0061_134712.jpg,138
138.Tree_Swallow/Tree_Swallow_0114_136265.jpg,138
138.Tree_Swallow/Tree_Swallow_0008_135352.jpg,138
138.Tree_Swallow/Tree_Swallow_0049_134740.jpg,138
138.Tree_Swallow/Tree_Swallow_0111_135253.jpg,138
138.Tree_Swallow/Tree_Swallow_0103_137272.jpg,138
138.Tree_Swallow/Tree_Swallow_0002_136792.jpg,138
138.Tree_Swallow/Tree_Swallow_0082_135006.jpg,138
138.Tree_Swallow/Tree_Swallow_0083_136800.jpg,138
138.Tree_Swallow/Tree_Swallow_0109_135272.jpg,138
138.Tree_Swallow/Tree_Swallow_0066_135788.jpg,138
138.Tree_Swallow/Tree_Swallow_0016_135549.jpg,138
138.Tree_Swallow/Tree_Swallow_0039_135038.jpg,138
138.Tree_Swallow/Tree_Swallow_0064_136322.jpg,138
138.Tree_Swallow/Tree_Swallow_0105_134648.jpg,138
138.Tree_Swallow/Tree_Swallow_0015_134790.jpg,138
138.Tree_Swallow/Tree_Swallow_0037_134647.jpg,138
138.Tree_Swallow/Tree_Swallow_0087_137354.jpg,138
138.Tree_Swallow/Tree_Swallow_0020_136587.jpg,138
138.Tree_Swallow/Tree_Swallow_0035_136589.jpg,138
138.Tree_Swallow/Tree_Swallow_0113_136849.jpg,138
138.Tree_Swallow/Tree_Swallow_0095_135829.jpg,138
138.Tree_Swallow/Tree_Swallow_0017_135062.jpg,138
138.Tree_Swallow/Tree_Swallow_0115_135832.jpg,138
138.Tree_Swallow/Tree_Swallow_0108_135068.jpg,138
138.Tree_Swallow/Tree_Swallow_0090_135325.jpg,138
138.Tree_Swallow/Tree_Swallow_0075_136081.jpg,138
138.Tree_Swallow/Tree_Swallow_0091_136870.jpg,138
138.Tree_Swallow/Tree_Swallow_0019_137073.jpg,138
138.Tree_Swallow/Tree_Swallow_0043_136878.jpg,138
138.Tree_Swallow/Tree_Swallow_0023_135345.jpg,138
138.Tree_Swallow/Tree_Swallow_0004_135411.jpg,138
138.Tree_Swallow/Tree_Swallow_0050_135104.jpg,138
138.Tree_Swallow/Tree_Swallow_0058_134987.jpg,138
138.Tree_Swallow/Tree_Swallow_0042_136401.jpg,138
138.Tree_Swallow/Tree_Swallow_0062_137426.jpg,138
138.Tree_Swallow/Tree_Swallow_0110_136921.jpg,138
138.Tree_Swallow/Tree_Swallow_0029_134882.jpg,138
138.Tree_Swallow/Tree_Swallow_0127_135912.jpg,138
138.Tree_Swallow/Tree_Swallow_0056_135079.jpg,138
138.Tree_Swallow/Tree_Swallow_0069_135148.jpg,138
138.Tree_Swallow/Tree_Swallow_0013_135923.jpg,138
138.Tree_Swallow/Tree_Swallow_0041_136439.jpg,138
138.Tree_Swallow/Tree_Swallow_0102_135061.jpg,138
138.Tree_Swallow/Tree_Swallow_0073_134997.jpg,138
144.Common_Tern/Common_Tern_0040_147973.jpg,144
144.Common_Tern/Common_Tern_0019_149769.jpg,144
144.Common_Tern/Common_Tern_0084_147980.jpg,144
144.Common_Tern/Common_Tern_0025_147728.jpg,144
144.Common_Tern/Common_Tern_0125_148767.jpg,144
144.Common_Tern/Common_Tern_0067_149540.jpg,144
144.Common_Tern/Common_Tern_0100_149541.jpg,144
144.Common_Tern/Common_Tern_0043_147753.jpg,144
144.Common_Tern/Common_Tern_0075_148528.jpg,144
144.Common_Tern/Common_Tern_0098_148785.jpg,144
144.Common_Tern/Common_Tern_0045_150067.jpg,144
144.Common_Tern/Common_Tern_0054_148028.jpg,144
144.Common_Tern/Common_Tern_0029_148035.jpg,144
144.Common_Tern/Common_Tern_0056_148549.jpg,144
144.Common_Tern/Common_Tern_0063_147789.jpg,144
144.Common_Tern/Common_Tern_0030_147825.jpg,144
144.Common_Tern/Common_Tern_0037_148048.jpg,144
144.Common_Tern/Common_Tern_0105_149841.jpg,144
144.Common_Tern/Common_Tern_0094_148309.jpg,144
144.Common_Tern/Common_Tern_0088_147941.jpg,144
144.Common_Tern/Common_Tern_0027_150113.jpg,144
144.Common_Tern/Common_Tern_0028_150117.jpg,144
144.Common_Tern/Common_Tern_0009_149609.jpg,144
144.Common_Tern/Common_Tern_0079_148844.jpg,144
144.Common_Tern/Common_Tern_0087_147945.jpg,144
144.Common_Tern/Common_Tern_0070_150292.jpg,144
144.Common_Tern/Common_Tern_0083_148096.jpg,144
144.Common_Tern/Common_Tern_0062_147947.jpg,144
144.Common_Tern/Common_Tern_0097_148874.jpg,144
144.Common_Tern/Common_Tern_0092_147779.jpg,144
144.Common_Tern/Common_Tern_0055_149486.jpg,144
144.Common_Tern/Common_Tern_0064_148761.jpg,144
144.Common_Tern/Common_Tern_0071_148796.jpg,144
144.Common_Tern/Common_Tern_0049_149159.jpg,144
144.Common_Tern/Common_Tern_0108_149672.jpg,144
144.Common_Tern/Common_Tern_0078_149161.jpg,144
144.Common_Tern/Common_Tern_0106_149345.jpg,144
144.Common_Tern/Common_Tern_0095_149960.jpg,144
144.Common_Tern/Common_Tern_0042_147897.jpg,144
144.Common_Tern/Common_Tern_0120_148670.jpg,144
144.Common_Tern/Common_Tern_0050_148928.jpg,144
144.Common_Tern/Common_Tern_0033_148675.jpg,144
144.Common_Tern/Common_Tern_0051_150469.jpg,144
144.Common_Tern/Common_Tern_0044_148680.jpg,144
144.Common_Tern/Common_Tern_0047_149195.jpg,144
144.Common_Tern/Common_Tern_0077_149196.jpg,144
144.Common_Tern/Common_Tern_0117_148944.jpg,144
144.Common_Tern/Common_Tern_0004_148977.jpg,144
144.Common_Tern/Common_Tern_0001_149721.jpg,144
144.Common_Tern/Common_Tern_0085_147937.jpg,144
144.Common_Tern/Common_Tern_0103_149733.jpg,144
144.Common_Tern/Common_Tern_0014_149194.jpg,144
144.Common_Tern/Common_Tern_0118_148201.jpg,144
144.Common_Tern/Common_Tern_0115_149482.jpg,144
144.Common_Tern/Common_Tern_0076_148391.jpg,144
144.Common_Tern/Common_Tern_0081_149228.jpg,144
144.Common_Tern/Common_Tern_0113_147949.jpg,144
144.Common_Tern/Common_Tern_0057_149749.jpg,144
144.Common_Tern/Common_Tern_0053_148472.jpg,144
144.Common_Tern/Common_Tern_0012_148477.jpg,144
191.Red_headed_Woodpecker/Red_Headed_Woodpecker_0073_182784.jpg,191
191.Red_headed_Woodpecker/Red_Headed_Woodpecker_0024_183297.jpg,191
191.Red_headed_Woodpecker/Red_Headed_Woodpecker_0092_182787.jpg,191
191.Red_headed_Woodpecker/Red_Headed_Woodpecker_0041_182788.jpg,191
191.Red_headed_Woodpecker/Red_Headed_Woodpecker_0087_183271.jpg,191
191.Red_headed_Woodpecker/Red_Headed_Woodpecker_0101_182538.jpg,191
191.Red_headed_Woodpecker/Red_Headed_Woodpecker_0011_182803.jpg,191
191.Red_headed_Woodpecker/Red_Headed_Woodpecker_0034_182806.jpg,191
191.Red_headed_Woodpecker/Red_Headed_Woodpecker_0066_183322.jpg,191
191.Red_headed_Woodpecker/Red_Headed_Woodpecker_0081_182811.jpg,191
191.Red_headed_Woodpecker/Red_Headed_Woodpecker_0029_183337.jpg,191
191.Red_headed_Woodpecker/Red_Headed_Woodpecker_0058_183086.jpg,191
191.Red_headed_Woodpecker/Red_Headed_Woodpecker_0045_182832.jpg,191
191.Red_headed_Woodpecker/Red_Headed_Woodpecker_0042_182834.jpg,191
191.Red_headed_Woodpecker/Red_Headed_Woodpecker_0031_183096.jpg,191
191.Red_headed_Woodpecker/Red_Headed_Woodpecker_0086_182715.jpg,191
191.Red_headed_Woodpecker/Red_Headed_Woodpecker_0063_183358.jpg,191
191.Red_headed_Woodpecker/Red_Headed_Woodpecker_0065_182863.jpg,191
191.Red_headed_Woodpecker/Red_Headed_Woodpecker_0006_183383.jpg,191
191.Red_headed_Woodpecker/Red_Headed_Woodpecker_0109_183385.jpg,191
191.Red_headed_Woodpecker/Red_Headed_Woodpecker_0071_183132.jpg,191
191.Red_headed_Woodpecker/Red_Headed_Woodpecker_0012_183395.jpg,191
191.Red_headed_Woodpecker/Red_Headed_Woodpecker_0044_183141.jpg,191
191.Red_headed_Woodpecker/Red_Headed_Woodpecker_0091_183144.jpg,191
191.Red_headed_Woodpecker/Red_Headed_Woodpecker_0094_183401.jpg,191
191.Red_headed_Woodpecker/Red_Headed_Woodpecker_0108_183403.jpg,191
191.Red_headed_Woodpecker/Red_Headed_Woodpecker_0068_183662.jpg,191
191.Red_headed_Woodpecker/Red_Headed_Woodpecker_0049_183229.jpg,191
191.Red_headed_Woodpecker/Red_Headed_Woodpecker_0103_183571.jpg,191
191.Red_headed_Woodpecker/Red_Headed_Woodpecker_0097_182903.jpg,191
191.Red_headed_Woodpecker/Red_Headed_Woodpecker_0078_183427.jpg,191
191.Red_headed_Woodpecker/Red_Headed_Woodpecker_0095_183688.jpg,191
191.Red_headed_Woodpecker/Red_Headed_Woodpecker_0089_183435.jpg,191
191.Red_headed_Woodpecker/Red_Headed_Woodpecker_0093_182925.jpg,191
191.Red_headed_Woodpecker/Red_Headed_Woodpecker_0014_183701.jpg,191
191.Red_headed_Woodpecker/Red_Headed_Woodpecker_0039_183446.jpg,191
191.Red_headed_Woodpecker/Red_Headed_Woodpecker_0021_183454.jpg,191
191.Red_headed_Woodpecker/Red_Headed_Woodpecker_0018_183455.jpg,191
191.Red_headed_Woodpecker/Red_Headed_Woodpecker_0020_183255.jpg,191
191.Red_headed_Woodpecker/Red_Headed_Woodpecker_0052_182702.jpg,191
191.Red_headed_Woodpecker/Red_Headed_Woodpecker_0067_183710.jpg,191
191.Red_headed_Woodpecker/Red_Headed_Woodpecker_0032_182815.jpg,191
191.Red_headed_Woodpecker/Red_Headed_Woodpecker_0013_182721.jpg,191
191.Red_headed_Woodpecker/Red_Headed_Woodpecker_0057_183234.jpg,191
191.Red_headed_Woodpecker/Red_Headed_Woodpecker_0051_182724.jpg,191
191.Red_headed_Woodpecker/Red_Headed_Woodpecker_0005_183414.jpg,191
191.Red_headed_Woodpecker/Red_Headed_Woodpecker_0007_182728.jpg,191
191.Red_headed_Woodpecker/Red_Headed_Woodpecker_0098_182732.jpg,191
191.Red_headed_Woodpecker/Red_Headed_Woodpecker_0088_183246.jpg,191
191.Red_headed_Woodpecker/Red_Headed_Woodpecker_0085_182703.jpg,191
191.Red_headed_Woodpecker/Red_Headed_Woodpecker_0055_183515.jpg,191
191.Red_headed_Woodpecker/Red_Headed_Woodpecker_0084_183004.jpg,191
191.Red_headed_Woodpecker/Red_Headed_Woodpecker_0016_183007.jpg,191
191.Red_headed_Woodpecker/Red_Headed_Woodpecker_0017_183777.jpg,191
191.Red_headed_Woodpecker/Red_Headed_Woodpecker_0022_183010.jpg,191
191.Red_headed_Woodpecker/Red_Headed_Woodpecker_0099_183524.jpg,191
191.Red_headed_Woodpecker/Red_Headed_Woodpecker_0038_183280.jpg,191
191.Red_headed_Woodpecker/Red_Headed_Woodpecker_0027_183029.jpg,191
191.Red_headed_Woodpecker/Red_Headed_Woodpecker_0076_183288.jpg,191
191.Red_headed_Woodpecker/Red_Headed_Woodpecker_0107_183290.jpg,191
